candidate_id,detetada_em_utc,consulta,titulo,url,publicador,estado_validacao,notas
CAND-570969eeba15,2026-09-25T07:36:25+00:00,pneus promoção Portugal Michelin,"LIDL lança mini compressor para o carro (estilo Michelin) por 13,99 € - Leak.pt",https://news.google.com/rss/articles/CBMiU0FVX3lxTE80TnpzSm5NMXA5Q2k1YXJBTy1DSTBVZllCOWczTk9rS0RRbVRxMDhJU0VwUnJJc1BkX1otbnNkcFI4YnBmc2xCYU9fUWFDX0xIY2xV?oc=5,Leak.pt,Pendente de validação,Resultado de pesquisa RSS; confirmar na fonte primária antes de integrar.
CAND-a15595232388,2026-09-25T07:36:25+00:00,pneus promoção Portugal Michelin,"Pneus chineses, baratos e de fraca qualidade, vão aumentar - Observador",https://news.google.com/rss/articles/CBMilAFBVV95cUxOQlIxRkREdWJzYzhyTGZKUzhiV3FxUEVSbjhRSWg5NzZMLXo4cm1aQk9DQ0FVUlkwdU5GU1J3OFA3aWNqY2o1TjAxLVJ4QWR0X1RKc2tkMlpSa1pVZnhGbDZOUmc3U3huVVY2VlNYdXktLUY5cER6Nk1vbHJnbzJUTXNMZE9sWkdpc3QxeEpjcjRsdVc4?oc=5,Observador,Pendente de validação,Resultado de pesquisa RSS; confirmar na fonte primária antes de integrar.
CAND-1bfb3f83f79e,2026-09-25T07:36:25+00:00,pneus promoção Portugal Michelin,Michelin Anakee Adventure 2: o novo pneu trail que redefine a aventura em estrada e fora dela - Motojornal,https://news.google.com/rss/articles/CBMitgFBVV95cUxPZm9QWWNvZElCdWlQVjEyTDdEVElRb1RFRWhiZWZ0M0xKSzNZWFQyY0duX2ktNEFnSmJZNWIyUXN0bzBIS0dweW9YSFNKVV9nN05WeTQ0cWtoWWk4bmRXcWprbGtVTy1RT1F6akZYTkgxRXI5S1kzT08wOFNRMGl6cHBKLUE5c3RUY3ljR2FpZ3VKZ0U4WDlwa3BKeW5INC1hRUpWN0RGRXN6YkdONXduc1FvYTNqZw?oc=5,Motojornal,Pendente de validação,Resultado de pesquisa RSS; confirmar na fonte primária antes de integrar.
CAND-90af658fe5c1,2026-09-25T07:36:25+00:00,pneus promoção Portugal Michelin,"Na compra de cada pneu comercial Michelin, ganhe até 10 euros em reembolso - dnoticias.pt",https://news.google.com/rss/articles/CBMitwFBVV95cUxORzZTNS1wd1ZtMDZGNEtZSG12ZlRlYk9pWHQ4dTBiNUlLLXlYb0NremdUOXA1T3FnVXhSdDYwU1I0TlhISzRVV0hqTFFnVFpQN1p3OUFvVXU0OVp0UGlqUDVZX3JNUDdOZUJ6QzRqbnIxRXVyaU5NZ0RmWFAtUm9wM0hENHY2dEVLMU9DMlJJSDdaa2k5NVROQnZ4akQ4NXQ0ZW9RZDktTHFzS1J2czJkVEpWQzdnbU0?oc=5,dnoticias.pt,Pendente de validação,Resultado de pesquisa RSS; confirmar na fonte primária antes de integrar.
CAND-0cd5b08acb7d,2026-09-25T07:36:25+00:00,pneus promoção Portugal Michelin,Michelin apresenta novos pneus X WORKS Z2 e X WORKS D2 - Revista Pós-Venda,https://news.google.com/rss/articles/CBMigAFBVV95cUxOcFh1bjZqYllBMUJzWjhDS0ZEMllxbjR5c1ZxS3czVzM5VXFLUXFwMkJzaHo0MnVyRy04c0ticy02cVZLQTVzbUZFWkhidkdXS3VjV3ZBQTJDSUtHQlR3LXZOd2FyamdwNzVGaVY2ajZoUnE4dGphU09rLUZab2NHSQ?oc=5,Revista Pós-Venda,Pendente de validação,Resultado de pesquisa RSS; confirmar na fonte primária antes de integrar.
CAND-05cb3ad83cbf,2026-09-25T07:36:25+00:00,pneus promoção Portugal Michelin,Michelin reage à promoção da Pirelli como fabricante oficial de pneus da MotoGP - AutoHebdo,https://news.google.com/rss/articles/CBMilwFBVV95cUxPa3JFQ1pXSW1Eb1paWlo0RnpRSkxqZ3BUeWJkaUxlaW5JMm5xVk4yZnZDMThSTnhBU25GSEN6UU53d1I2clR2c2V6SE1KLU9wX0FSRHF5SFBJVUgtTVdRZHdEaEdmeVZYeUJMdWExQUVLcnBUVXFrUjNabTdTZW9hZzZ2MmFPR3dEa0NTckFJRjU4MXU5UV9v?oc=5,AutoHebdo,Pendente de validação,Resultado de pesquisa RSS; confirmar na fonte primária antes de integrar.
CAND-263fbf6dfc2e,2026-09-25T07:36:25+00:00,pneus promoção Portugal Michelin,Michelin quer lançar no mercado pneus ser ar já em 2024 - automais.pt,https://news.google.com/rss/articles/CBMinwFBVV95cUxPR2VWNzB6N3drc2l6T3owN211YTNQa21KeWwxZzFlb0pOYk9JR29xR3ZWM2xvcU9yT3ZkaG5pSHh4bWRDUFpfU00xQm00NVpZUDRpemE5YjlURVJyN3QteHdIRWtsZVZtZ0VqNHo0MUN2Y2cyb29BVzQ0WjZHeEVlbkhjeEVseXpCaFpDX0tlOWlBalhWS2xmNU5qOW5vd2c?oc=5,automais.pt,Pendente de validação,Resultado de pesquisa RSS; confirmar na fonte primária antes de integrar.
CAND-f4885d4e399d,2026-09-25T07:36:25+00:00,pneus promoção Portugal Michelin,"Na compra de cada pneu comercial Michelin, ganhe até 10 euros em reembolso - dnoticias.pt",https://news.google.com/rss/articles/CBMitwFBVV95cUxPT0lDVWl4RzFraVlYN29TQjZGWlpEUm9GMUhsS2Z6dUdybmFJOVA3VkF5ZDg4M3RJM3A4azRfWG5SQ3piSWQ2WVI0T1NfWkVUOUNzQWl2MGp1VEJBS1VtbGcxc0xJVmh1VEpRM0lZbnNmLXFCQS16NFRweGxFZ1htZi1COGtkVU1rUjV6YmwyQXdmODhGdnJtRko5SngyZDIyREJHU0pNLU1CY1AzVlMzYWZ2SmN0UFU?oc=5,dnoticias.pt,Pendente de validação,Resultado de pesquisa RSS; confirmar na fonte primária antes de integrar.
CAND-d54b6ccc5198,2026-09-25T07:36:25+00:00,pneus promoção Portugal Michelin,Michelin renova a gama de pneus Power com quatro opções - Andar de Moto,https://news.google.com/rss/articles/CBMi0AFBVV95cUxNbWNDRlhyY0I3X0FoNXFlc050UDhKa2U2R3ZlM3d4b2FoTTQtNmYtNzdObEp0TEhJcnhhOHlPV01tR3ByRDlKNkVGbHpZZG9wQ2QwVGZxMHpWSkdFajdkZjVPbWdCWE45a1pmb1E5NXhRV2dIYzFTWGM4YnE1VXVTN2REVExSWm5pa1phYnZEUkdIQjhjZl9KOE5rS0VUZ0hscmVYMWxHdlNwVENwODNxM2hoYWtmLXZ6RkJaSkhzOGpzNy1vZlFSZXc2Njk5akYw?oc=5,Andar de Moto,Pendente de validação,Resultado de pesquisa RSS; confirmar na fonte primária antes de integrar.
CAND-199115f226a0,2026-09-25T07:36:25+00:00,pneus promoção Portugal Michelin,Pneus sem ar chegam na próxima década - turbo.pt,https://news.google.com/rss/articles/CBMia0FVX3lxTE5ucHktenhkcjJYU1p4Z0FOQWFMczVYUDU3YXhlMnVpY294SzhGTk1tVHBQMHRBRjQtWXMydGltMGhPek8xUUxUd3NnVHVSVy1qS3hHVXJwcUp0NUhIWlRNWThJYU1tZk0zaDhz?oc=5,turbo.pt,Pendente de validação,Resultado de pesquisa RSS; confirmar na fonte primária antes de integrar.
CAND-6603a05e34cf,2026-09-25T07:36:25+00:00,pneus promoção Portugal Michelin,SBK 2026 – Pilotos satisfeitos com os novos pneus Michelin depois de dois dias de testes em Aragão - Motojornal,https://news.google.com/rss/articles/CBMiuwFBVV95cUxNemYwbTNubEtZYXcxTFZobG5XY2JRN1o3Vzc5cWxodERXMmFNRjBvWDV2bmxMZlpMR0hWUFVlLVJmTjBVaV9xZ1k1c3o4UTQ4MnRFSzlQOVhTWGpqUTBaREJRNGdkTmZzT0lhZDhhVmxjSXhGRHlQbGJQM1BsT3VLaUNCaGpyVXF5a2RvQXI5cExKYy1ETmoxcDJ2MWVhMUsyT0VDZHZNZVpCZk4wdXk1U0ZicGQxczZVRUVB?oc=5,Motojornal,Pendente de validação,Resultado de pesquisa RSS; confirmar na fonte primária antes de integrar.
CAND-8da09c3f082a,2026-09-25T07:36:25+00:00,pneus promoção Portugal Michelin,DHL testa pneus sem ar Michelin UPTIS - Revista Pós-Venda,https://news.google.com/rss/articles/CBMiakFVX3lxTE14ZHh5Tm52cWxuUlYtR0RKZ3NEdzJndG1JbE5mWHluUm1DclZqWWcxS1VYVi16aENBamlkRUpfcUNuTEdfajQ0VWpPZmx1TGZJOXRpRzFCTXE5RXJaSlppRDJwNFM5b2p3c3c?oc=5,Revista Pós-Venda,Pendente de validação,Resultado de pesquisa RSS; confirmar na fonte primária antes de integrar.
CAND-4185b6cb5258,2026-09-25T07:36:25+00:00,pneus promoção Portugal Michelin,Michelin E-Wild: pneus para bicicletas elétricas - mountainbikes.pt,https://news.google.com/rss/articles/CBMinAFBVV95cUxPWHExZUpDdjRYWFlpQTBWOElfM2NUNFZrM0hNc1ptSmMzMU1mbERMVktZQVBHX3ltYWZRLTRsXzByRkF0cXVKeEl5YXdIaUtLZXpNMUw1SXlJRVJIUWpKTnVNdmJaUmNEOW9PcC03ekpYa180ZGI4SFM5ZmpUbk5jZmktVUM1QWxtUmgwMF9NS25JVm9fUDBTNjdwdkXSAaIBQVVfeXFMTTY3WVhxUXh0UDJUeHMzX29DbUF5WVF2ZjRYamFUUTFuLWhyOUEwNkdULXY2cE5DVUc1cEFMUjl4ZkJKb3ZrZFZVRlR4WEFmN1JBenZZcmRfbmNlcEdFT3NFeldDM0dMdFA1cnhEYldWcTBLeWlFZ3ZHMy1PMENfOW91WVA4M0hFQ1JNTl9PVEVKWGlXclY4S0d4bzktd3UxbTZB?oc=5,mountainbikes.pt,Pendente de validação,Resultado de pesquisa RSS; confirmar na fonte primária antes de integrar.
CAND-92f1f1580300,2026-09-25T07:36:25+00:00,pneus promoção Portugal Michelin,WEC - Os segredos dos pneus Michelin - AutoHebdo,https://news.google.com/rss/articles/CBMirgFBVV95cUxNQmRRdHo1Q1BFXzQyZTNYMjRKY0dEeGlpUzNRYlhkb2wtTXN0cGtDT3FQcFc2WDItUGNQd1lXLWRiZnhtempQeFFNam5lNGJvNVh5V09FZ0JOblJ3QjFCNzFJMTJ1eEp0ZTZIa2tsU2dlbDR2T2dZTnlGQ3NITzU0M2VKak1QcG50NlZ5dGpGdy1oNTFLZzhUWDhIQ1dITEIxVzlwSWp6YVdRTGxvbVE?oc=5,AutoHebdo,Pendente de validação,Resultado de pesquisa RSS; confirmar na fonte primária antes de integrar.
CAND-d8d18adcae93,2026-09-25T07:36:25+00:00,pneus promoção Portugal Michelin,Michelin lança novo pneu All Season para autocaravanas - Revista Pós-Venda,https://news.google.com/rss/articles/CBMigAFBVV95cUxQOVJCMHZJUk83YllpcWg5dkcxNUNRc1puWERENTlLUU9GaG12S1dzY2ZtYnIxai1HSV9IVTlsdGMxd3YycUxrTW9oNXdLSi10eTVMRlF0ZVhHSzVBdlcxQjlaajk0Q3hpWEpETjlLVk96b3V1SGN0VkVQdlQ3VUV3cQ?oc=5,Revista Pós-Venda,Pendente de validação,Resultado de pesquisa RSS; confirmar na fonte primária antes de integrar.
CAND-492b28c59b6f,2026-09-25T07:36:25+00:00,pneus promoção Portugal Michelin,Michelin Mantém-se como a marca mais valiosa de pneus - automais.pt,https://news.google.com/rss/articles/CBMikAFBVV95cUxQa3cydjBqZkRzbzRhOGRiUFdfWWJjU0pmcWJrcFhodUxYOHdxZUtabkNfZ3RfSU8yLV9LT2xhV3JfcmxoS1hvLWJxeHBoeXcyMlgyTGo5OVpvQzVyeGpUMUJmZEcyNENlYTlqaFhNY0pPM2dGWE9oY3pOdjN3dEVOUkJIWjMtTmN6ekxBSzJGMUE?oc=5,automais.pt,Pendente de validação,Resultado de pesquisa RSS; confirmar na fonte primária antes de integrar.
CAND-dbb7b2248d12,2026-09-25T07:36:25+00:00,pneus promoção Portugal Michelin,Michelin na Demoagro em Valladolid - Jornal das Oficinas,https://news.google.com/rss/articles/CBMigwFBVV95cUxQVjBKSUgzOEVZQXRwbVRPNFVUZUNnU2ZPb2I5U2ZXLUtsbUdyY1hVU3RWdEZBV2pQWndiQzR2YzNCQ0JPaFp0VVVqdzJqM29zTG40MUpuUk95Qm9FY01KUmhlbnFVTlg5eEI0U0ZubGZWb1pXMzBOYUlVNEZTZGVTU3I1SQ?oc=5,Jornal das Oficinas,Pendente de validação,Resultado de pesquisa RSS; confirmar na fonte primária antes de integrar.
CAND-e0343323b623,2026-09-25T07:36:25+00:00,pneus promoção Portugal Michelin,Michelin apresenta novo pneu flexível no IAA 2017 - Revista Pós-Venda,https://news.google.com/rss/articles/CBMiXkFVX3lxTE1mSU05UmZCakhaQU5jZnFXbWIyVlNCMW9YQ0J4bzRlSWQ4UnJLUzR4Sy03U1hKTVpFWjZtV3AwakxVZEFlMG5LSXRiWl9OVkJkeFZYTXNPQVpWSTI0WWc?oc=5,Revista Pós-Venda,Pendente de validação,Resultado de pesquisa RSS; confirmar na fonte primária antes de integrar.
CAND-1264ae1f0f43,2026-09-25T07:36:25+00:00,pneus promoção Portugal Michelin,Michelin Track Connect disponível para todos - Jornal das Oficinas,https://news.google.com/rss/articles/CBMikAFBVV95cUxPSlp5WXJqc0dKZmpLZXRDcGo1R2NIT1JhT0hzLWlybkZMMkoyOXJEZzVleWJtVG5TWjFTby1YVnpsampJMkNiMDRrbTcyN3h0TlVvM3RpOE83MVFjcXhJWDdGTXdOUWo0UVVTNDlmX2xsU3NBZUhic3V6X1RDS0N4ME5Qd2lnakxJbkx3VzctM3M?oc=5,Jornal das Oficinas,Pendente de validação,Resultado de pesquisa RSS; confirmar na fonte primária antes de integrar.
CAND-af2713402d20,2026-09-25T07:36:25+00:00,pneus promoção Portugal Michelin,"Marco Pierre White. ""Prefiro comer um pastel de nata no aeroporto a um menu de degustação"" - Observador",https://news.google.com/rss/articles/CBMivAFBVV95cUxQSTc3UDRRc3FrNnJZb1NpZENCck81aksyd1lZQ3R5dzE2emFfNzhoblJ0VFlEOEV3TW9waHEzYThfcXdSanZTYWNqZVUwS2hRenc5aXVPLWMtaVR4NFpjZTE2UVR3Zzd5ZlozaUpZVUh1X3NkdzBheGhNRHVsWThLa01HZXoxLUhXVnpiaFZ3ZW1pR2trdG81dXJTMlJUdHZWMmJCV3B3UFdvTF9HSTlfbUZTQ0FlOTVqeHVEQw?oc=5,Observador,Pendente de validação,Resultado de pesquisa RSS; confirmar na fonte primária antes de integrar.
CAND-a00299df2e05,2026-09-25T07:36:25+00:00,pneus promoção Portugal Michelin,Michelin TPMS facilita manutenção dos pneus de ligeiros e pesados - Revista Pós-Venda,https://news.google.com/rss/articles/CBMiggFBVV95cUxQSUg2bE5TM3dpalNrNGVISG9vVFVDMUdkOTNsVVA0WDIwaUNNY05kTENGeTBkMzE2MkVEdkRzUktBeW1teF92bGJwdHp0Ukt6NmpuZFRYRmpQWHdLdTBnRzdWZndMSlJtMHFxZDVJWGdvSE1sNVNjUnhaWXpRVnRmcXFn?oc=5,Revista Pós-Venda,Pendente de validação,Resultado de pesquisa RSS; confirmar na fonte primária antes de integrar.
CAND-e57d414865e7,2026-09-25T07:36:25+00:00,pneus promoção Portugal Michelin,World SBK – Fornecedor exclusivo de pneus Michelin a partir de 2027 - AutoHebdo,https://news.google.com/rss/articles/CBMivAFBVV95cUxQMnk0TXJCRW1SRDlkVVNGOGtCZkI2N3AwekVUN1pkbFc3NTFvS1FKdGp2SmdfM1FtNnltTkhGMXR0TWlpTGExTmlnMXJVWHBWOUtCUGp2dC1xUzRTU0dQMlAyRUUxRHRqNE5iaWJhT0QyNGNuMzZUVlFTa1NfWGZxVzVJcExnZUUtTk9DY215Ti0yWDU0NVRPTzFWSlZRUDhSb19qY1EwSldJdnlYU3duSnJvTTZ3OXZDUi1PdQ?oc=5,AutoHebdo,Pendente de validação,Resultado de pesquisa RSS; confirmar na fonte primária antes de integrar.
CAND-7cb457d5f6e4,2026-09-25T07:36:25+00:00,pneus promoção Portugal Michelin,MotoGP 2021 – A polémica e as explicações da Michelin sobre os pneus slick - Andar de Moto,https://news.google.com/rss/articles/CBMivwFBVV95cUxPYWVRVjhTdGxja3o4TEk4YlN2aHRiMzdaTHdZMEZ0b3czQ3dWX09wT3djU195dDR2cGhsdHczUGkxTkw3dE9lOWdBcl9laHFmbHJYR2J6LUJBNEtoUEZJM2ZFWUIxRUdZUlByRlE3OFdSMmdhYkpoaVBoU0FYcWlwY0g1SmRWUVUxZDZsWFI4STZmVC1HaG1kcjl0elR4UzRXTFh6UFVHR2l6bW1jbkRydkVPYkg3dDZ1WlctNFE1RQ?oc=5,Andar de Moto,Pendente de validação,Resultado de pesquisa RSS; confirmar na fonte primária antes de integrar.
CAND-cdf71dbed01e,2026-09-25T07:36:25+00:00,pneus promoção Portugal Michelin,Guia WEC 2026 – Novos pneus Michelin: maior consistência com o mesmo desempenho - AutoHebdo,https://news.google.com/rss/articles/CBMi9AFBVV95cUxNUDFWZHBzb2FySndydHI0ZWJ2SS1NNnlsMFVHQnM4cnlRTW5Ndm1fN0NfT1RfUU50UGJtSXMxcGNVeTdIOW9zeFh3a2txMHFFTFdYTllJT2Q2WlIwQWpjalRPdmZRcHBGajdfSVVkY0xnT0IteTg3ZW80Zmx4REM3MmFkYWdUcTRsM2hGSXZrSWRSWHdsNmlUVC1JSndsTW41blpPOHA4aGJJUjFLTUJqRjFpeXJqcDhGX1Zra04wOVZlUmJad1VVZDRnMUdTUEpyUkFIRzNlLTVwOFFWYm14X1ZMVG9SWHU5WnFuYldfdFh5OTF2?oc=5,AutoHebdo,Pendente de validação,Resultado de pesquisa RSS; confirmar na fonte primária antes de integrar.
CAND-abb17fb36aa4,2026-09-25T07:36:25+00:00,pneus promoção Portugal Michelin,Top 10 dos melhores pneus 2023 para os diferentes segmentos de motos - Motomais,https://news.google.com/rss/articles/CBMiugFBVV95cUxQT25xYXMtZ2FINzZGXzVxZHpScldTbnpOTG12STVHNko0OHAzemJBRGRxU0pZNlN4bVg2YVRZdUN3cG1hSWVYZVNqUFdOYzB0aUNBUWp0Z3JLeGlxNVhsaGFuYzVPVmo5dTVLekRQSzg4UGczUkZwSzNKc1g5RUV3WHp4eUJfMnhaWmQycjdrWUJzVXI3ZGNrUk1jcjhVU05ZZ1NiT2xzdFJHVlFWSXVUUXoxTDJIUy1MSEE?oc=5,Motomais,Pendente de validação,Resultado de pesquisa RSS; confirmar na fonte primária antes de integrar.
CAND-b5c323899611,2026-09-25T07:36:25+00:00,pneus promoção Portugal Michelin,Michelin lança primeiro pneu eco-responsável - automais.pt,https://news.google.com/rss/articles/CBMikAFBVV95cUxNWWtBR25hRGotbnFmV1d2cndiQS04U1c2ajZReldEZEw4WWxoMlRBTEtQNzlnNkZSSjhsREg2VHRTQ0FCUUtrcW5GaUQzbnlKRTZZUWx6WnMwTXZDRTV1X245b0liTzdpeERCQkVOTTVZQ05TLUdOTl8wYkxyY3hFSlJjR25YQTFNZTRIb1dHSVc?oc=5,automais.pt,Pendente de validação,Resultado de pesquisa RSS; confirmar na fonte primária antes de integrar.
CAND-cd42baf4e721,2026-09-25T07:36:25+00:00,pneus promoção Portugal Michelin,Tesla quer os pneus sem ar da Michelin nos seus carros elétricos? - Pplware,https://news.google.com/rss/articles/CBMikAFBVV95cUxPeWQwdVNBZXVRQkxjNGhKVk9DcDY1YVk4Mi03TWhUWm91RGFfb1FCZ09DbUtCUFloenphNU5tN01GQXR5R0tPakdHM1lHNXZnQWR5WVNwWGkwQUF2UE9GamtWS2NfWllvdmZpeWpmNEhWNzRicWtlRTZVOGdUY0tEeDkwRnA1ZWVpU2twWldjQVTSAZYBQVVfeXFMTWJOVWdxbDNkcVpLZm11aXlfa2JtX1lPWDFSaUl5Wm9wVHlSR2t5RTU0T2IwdzgxeFo2RFh6T0szWWk4N2V6UHU1eFVHd0VDYnZMSXE0V0hTNTA3VHVZODk5WFduZ3BHNkpLR2Zab1hmTmRNZzZDTG40V1JGRlNLZTZvb2o3aDZSUlUwcFIzeUZNOEJCMTVn?oc=5,Pplware,Pendente de validação,Resultado de pesquisa RSS; confirmar na fonte primária antes de integrar.
CAND-da3f3e9dbf1d,2026-09-25T07:36:25+00:00,pneus promoção Portugal Michelin,Questão: trocaria os pneus do seu carro por uns pneus sem ar (como os da Michelin)? - Pplware,https://news.google.com/rss/articles/CBMisgFBVV95cUxQcV80MmY0SExJNUFnNXN2SlJsc1N4N0lkYUNMa2JWUmVLQXV0RjdUb2pUVjNNcEplTnNraDBPVmlyVTJNUktkMzNiZzliU1F1MmhubERRTzRRNTZPcjdjMGZZejZndnNmY01uZ0JFZ1RKSHRIMXM4X3cxUXVqaUdfbnVSVmRWQXBxZ296TzNFdzRTY0hETXpJRURCLThiWEVxV2tnaGVXODliMm42Y29Wd1JB0gG3AUFVX3lxTFBza0pEQTN2NFMyOEEyQ2Q5cTR2TDB6NU15YUd5QkpjcFZ2S3E5X0Zmem1VUFVxS2dXMUxLbzA4bGkxcml5QTdOcENtZVB3eVB4UFRWcC1PRzgxNk1IdGkwNUk5TmlZWGFoVi1PeUVUdXRCSGw1SVRBc2FrSHlEV0ZXa2NmdEt5R3czaVlRZjNoczhWa050Mk5OX2dNSENaTS0yYXJKTEtsNjdscVZJUVdUYlZ5SGcwaw?oc=5,Pplware,Pendente de validação,Resultado de pesquisa RSS; confirmar na fonte primária antes de integrar.
CAND-31aa91fa8d0c,2026-09-25T07:36:25+00:00,pneus promoção Portugal Michelin,Michelin estreia pneus sem ar para automóveis de passageiros - Pplware,https://news.google.com/rss/articles/CBMimAFBVV95cUxNcXNyRk9MT2tOdzlzeDVvcDJIY3NrOHJFUV81bkUzRi14UGh5MUQyUDBraldMQ2Jldk9RblFjVXA0YmdJNzZDSktqYkYwVkR4Qy1zS1E5RnNBenE0STFSdTdoUXZtOTZrTWNwb2dHTElWUldDZFo0YTEtMi11UjhMakMwVDVwTmdVcF9ITzhkeld2WUVSMm9CTdIBngFBVV95cUxObXAtZ2E5UlZFUzhsUm5EeXd6OHlNNzJRMWNIR2prQ1B0S3BZakxRMHRnRmZJWG00QkhGaWNNX3hLUG1LanFiWTVJa2NtTmZMcTJlTTl5alZac2F0aUxNSzlZZlQtd25nZEJsa0o4Ql9sdmpRVE1QaXJ0Z0VQblpyaEc0V25DNzFNOEJ0ekxnT1ZCNnlyTXlsd2E1TVRqUQ?oc=5,Pplware,Pendente de validação,Resultado de pesquisa RSS; confirmar na fonte primária antes de integrar.
CAND-99a1e513cbc7,2026-09-25T07:36:25+00:00,pneus promoção Portugal Michelin,Novo BFGoodrich All-Terrain T/A KO2 - Revista Pós-Venda,https://news.google.com/rss/articles/CBMiZkFVX3lxTE1oNnNOblMtcHBJMHdxcV85M2g2dlN1bFdWU2plc2o3TWJqS3BnWVNoTGRkY3M3STJ4bk1FVzFHQ0Z4T1g5MV9EODJYYTBUSzVoS1l6VDZCZk5YVVVhN2xIaWtrZ1VqQQ?oc=5,Revista Pós-Venda,Pendente de validação,Resultado de pesquisa RSS; confirmar na fonte primária antes de integrar.
CAND-914ac580b9d8,2026-09-25T07:36:25+00:00,pneus promoção Portugal Michelin,Pneus “anti-buracos”: estas são as incríveis rodas Michelin - Highmotor,https://news.google.com/rss/articles/CBMipgFBVV95cUxOeDE0SlNaWnEzMFZXVjRJLUlXZFZnZWNvUWNjbkNUc1FkN3M3MVFubHBpM0FVRTgtZ0RldHhvY252TGxEM1BOdEN6ZEg5d0gxUFh5a3BENlhackRkOFBkcUNsd25qVTJZdWZtSDVkYkFXSXpMREZrZllSODVXUGdyZnVtOUVxb2Y5cFdzSXo3TjlSdTIzY2tmd3FxM2pHLTVscGU3WTlB?oc=5,Highmotor,Pendente de validação,Resultado de pesquisa RSS; confirmar na fonte primária antes de integrar.
CAND-5362840f8303,2026-09-25T07:36:25+00:00,pneus promoção Portugal Michelin,Michelin se prepara para adquirir empresas com foco na Ásia - Exame,https://news.google.com/rss/articles/CBMikAFBVV95cUxQaF80NDMzUlRYb05JYUladWJOQWpCWUtIUWtZR2xHUW5BczNHRnVIMFhpVzB1dlpHNVdQNm0tVms5a2ZVb0tocS14QUNfYzI4dDBKY2l2RTVqcTJfVXpyWXBFQ1d6M2FUSFBFVnUxR0tNRkZzVVdNS0NSVmNzb0dJWkplN0laQjlodFdFaFZvNGc?oc=5,Exame,Pendente de validação,Resultado de pesquisa RSS; confirmar na fonte primária antes de integrar.
CAND-388833fb786e,2026-09-25T07:36:25+00:00,pneus campanha Portugal Pirelli,Sociedade Comercial do Vouga é o novo parceiro da Pirelli em Portugal - mountainbikes.pt,https://news.google.com/rss/articles/CBMiugFBVV95cUxNTDdvMmFjOWlhWXAzOUhLZzQ0MTdqUTJJcDNkcmJndXc0VkdRNWhFUVNMLVVsR0lfaVZJam5jU3RNb0h6bF9VUERXMFlpaWhGV3NOQWZOZzJaZDRYY1l0QUw5UEZ4dlFEN0M5LTlNbVJFLUwtdjNfazI4d0dTRzJSa0QzYS1OVklnVFZFUFpRVXRueldNU1liQmFOaEdIaUh4YzZGNmNGRGg0VENYdG93Qk9KdWwtNjBNZkHSAb8BQVVfeXFMTW4wZV9nVFdyeTVtUDQ3clRGdGJiZXM2dXFFS3hVbkJGYTBoLWxwMXVvd2Fya1JIRWtCMTg4N0lneWhCaGp0MEVuc3BIbGhFVHdyaTNuQVFkZUNrc3dwWWNKUnNOX2dxU281aDRfdjJGMjlpWDJZd2JaT0NUMTVMUTFfelhlOS1kVkg4VmU4ZFVFVVlxNERsODJ0ODZYQzBNZ2l1WDRRb3dNbm92clJRUmZKQWt3NEd4NGc0TmRNSW8?oc=5,mountainbikes.pt,Pendente de validação,Resultado de pesquisa RSS; confirmar na fonte primária antes de integrar.
CAND-d3c95f8eddc7,2026-09-25T07:36:25+00:00,pneus campanha Portugal Pirelli,"Pirelli lança o pneu ""mais rápido já produzido"", Lidl-Trek mudou pneus antes de etapa do Giro, confira o preço do produto - Giro do ciclismo",https://news.google.com/rss/articles/CBMi4gFBVV95cUxPWHJfbUlCcTRtMjdheVdkak9MSkpJMTZlNFlpWll2Y19PWmxPLWt3bU03MlFtMHdra3VQaHZ5TWN4MUpMVHlfakM3VktkQkVqaWRMbUZQODhnV3JwU1BVazU2TFJHMzF0LTVBVWp5NDFNQWstOTBmN2E1Y0xveGlJZWJWa1lhZUFxMnhDT25Ndi03dE1vN20tNW9CZU1OckRvYWhrU0FENS1MUW9PeDJoVlpGdWgtUWxnX1RLZDJNbmlhbm16MlNqckp5Q2lKQ0dBTW9lYkdXQ2xtTmU2R3VSczdn?oc=5,Giro do ciclismo,Pendente de validação,Resultado de pesquisa RSS; confirmar na fonte primária antes de integrar.
CAND-03027acd9c0d,2026-09-25T07:36:25+00:00,pneus campanha Portugal Pirelli,Pirelli divulga melhores estratégias de pneus e paradas para GP da Holanda de F1 - F1Mania.net,https://news.google.com/rss/articles/CBMirAFBVV95cUxPWVVDNUZYNlRYNWljbkMzYzlIRGlUa1BDVXhxaGRYSkdFTXhHTkZQUEJOYVdrRlJYWlNQWU5fWHJlU0FyVVc1WThPamJ3TW02N3l1V0gtVjRTN0F0VUc0MWRGS2VuZ2t2R1d5YnNfS2VaeFlpMmE1MFB4UkRrY1Z4N0htbVVVNUVfdmZKS2NEX1VldHo2M0xGLUtfc09YQ0dadWUzdkkwYWR4cEFJ?oc=5,F1Mania.net,Pendente de validação,Resultado de pesquisa RSS; confirmar na fonte primária antes de integrar.
CAND-54b829516ab1,2026-09-25T07:36:25+00:00,pneus campanha Portugal Pirelli,Hamilton revela medo de pneus estourarem na corrida; Pirelli sugere duas paradas - ge,https://news.google.com/rss/articles/CBMi0AFBVV95cUxQOFFaczF2YWpPTHB6cllKR0IxWjdNWUF1THJiNlRwd0JHSm16SHdVR1JUWU1QLXJ3R0ZzZXBUa0Q3aU9lcndZNG9jc1QyaVRTSUFmQUIyTnlVYnRNLVFMZFR0cU5IX2o1WTBfTDdubExtTkJ0M2tia2VlZnd0bzd4b3pIeGFubFlYNFEteVdOVFp2TlRiUHRrdGo2V2Q2cVMxN3REUGFzSkF2UWQ2WW9DMzB5T2puUDMxZmlsckY1VEF5dmFLaHhOdlRDSGNpcHhl0gHfAUFVX3lxTE5sc1ZTZFd4RnpQRTY2UVJuejhoZUtyYllSX1VUM1kwMjBRTVV4a1pqbGp5Rm03OFBVZUY0dTdweklMSE93eGFPYktTYXdicnEza0tNRUdFeDJqeFVyMmcxN0dvZjZRZjIxa3NkWXBrUy1LdkZRYlA5Si1SWUVZaUYwYUYtSkRVcURDLUlvTV9uR0l3a3QxcWlwMjZwQndnZ3NKWmRGUmY5Rm5XdkV6dVI1UXdsQl9EOGozMng3Y2VoZ1VjSU1RVERmUlNHWWVWTnFobHFOZkoxNVpIWEpjaUE?oc=5,ge,Pendente de validação,Resultado de pesquisa RSS; confirmar na fonte primária antes de integrar.
CAND-537b8016a79b,2026-09-25T07:36:25+00:00,pneus campanha Portugal Pirelli,Montblanc lança edição limitada de malas com Pirelli - Globo,https://news.google.com/rss/articles/CBMitwFBVV95cUxPZTRDeElIczBLQmphOGJIaW5Zb2N2aFpkQnB0QmpPMUdzYTFfczlQWHdCZE1YeHlrRW1uNjkycExvNDVVN0Jocmg5ZkVqSTZ2WnZxaFNrSHl5bDI3dzRuV0J0MFJUYXhTT3VGSmY3X0plOVB4NlFHaC1HMVJsMXRHcjRUSVZaODh2YVdNOU9QUWNOS2hhTkZBSUdjMjZTUWN3VWVmM3plNWtLajBpdW5PanZ0OG0yRknSAbwBQVVfeXFMTVgtYjcxdVlDaUVBeGJWem9SdGV2Z01DSEljOW1mV0Y3elA1aS1YdzI1bTlhYjIySFNLaHdTd0hrZFJPSlpXVnZBcUh5c09zdnZiS0QzRTY4SEtydzhWRGNIaGF3TlF0eHNVTG5qWVJGc0RXX0pPTkxHWGFVUUZWNmZKYUtvaWdCTmJRU1AybmpGWXNlLTFpUzNhcjZzQ0pPc0pYb1pnd0pZTUpZQ0hvNnpRcTlzRTVPd2hBakM?oc=5,Globo,Pendente de validação,Resultado de pesquisa RSS; confirmar na fonte primária antes de integrar.
CAND-ebdc5c183951,2026-09-25T07:36:25+00:00,pneus promoção Portugal Goodyear,Pneus Dunlop conquistam Campeonato do Mundo de Resistência - Jornal das Oficinas,https://news.google.com/rss/articles/CBMiowFBVV95cUxNUU5fSWZacDZSb19qRFRfcEgwV01BNEU3NXhBRzhUUGYzRC1NVWw5aU02NExXTy1xbmNiRUoyNjFjYmhwUDVjYllMV3RwdGRyaEkxUThSUjd3T3g3aU05ZDJiTHRwQnA0eTkyekhjaVlublZ4ME1jVFNHSmhsWFhOYjl2bV9Xa25NMU9uZGpSYm9pM2NlUVprWEZUOFE1UGJ6TzJ3?oc=5,Jornal das Oficinas,Pendente de validação,Resultado de pesquisa RSS; confirmar na fonte primária antes de integrar.
CAND-adab404a13c9,2026-09-25T07:36:25+00:00,pneus campanha Portugal Hankook,Antevisão do Rally da Suécia: cinco pontos de antevisão - DAZN,https://news.google.com/rss/articles/CBMizAFBVV95cUxQSHJpU0xLcFgxcHRRRFlrT2JaeTVLeFNMbkZzdEdyN3Y5MXQ0c0E2Mm1tX2tqZzdwYVNzUm00amFWbEZsdWtJanNpNm1GWEVUWUZ0N3J1NnpPMU9QUXI5YmZYbFp4M0JoYjdkMkR1U2Jfd2I5T0dFaURjZWVWOXVjWm5oZ0R2U1pLNkpSa3RKc1ZFejRBeHluNjhwWEhWTnVseTh4a01QREhvU0tjN190WXJhRHloNjRDSzBSWFVrUWE2QlZRSnA1ODk4ZlA?oc=5,DAZN,Pendente de validação,Resultado de pesquisa RSS; confirmar na fonte primária antes de integrar.
CAND-96896bae6418,2026-09-25T07:36:25+00:00,pneus campanha Portugal Hankook,Hankook presente no Essen Motor Show - revistadospneus.com,https://news.google.com/rss/articles/CBMihgFBVV95cUxPZTVrNWJDOFk2UXVZdXpfNkh1ZzZBQUxEelFRVHI1Ykl0aG9ZLXB4ZEVjZm81d3dVTHItTDJDN3hHTE9xSFA4Z1k0Y0FHQlgwNnRoV3dqMkF3dVhUVE1LeWNfWmlGa0l0ZXAyV2g4QXUyZ0pQSjd3TjZsaHZBUWpfcXF0XzRRQQ?oc=5,revistadospneus.com,Pendente de validação,Resultado de pesquisa RSS; confirmar na fonte primária antes de integrar.
CAND-311b5e2b74bb,2026-09-25T07:36:25+00:00,pneus campanha Portugal Hankook,Hankook equipa novo Audi e-tron com Ventus S1 evo 3 ev - revistadospneus.com,https://news.google.com/rss/articles/CBMingFBVV95cUxNbTdQd1lTQkNvX1FvSnBDcmozcnlQRzk5YzA2T0VNV3B2Sm4wdUluUGNVbVE5cVlsMTFDbmJTZllfOHp5ZGZsTFpMZ2ZKUUVZemRWMlpQWXRaVkJJX1VqLVR5NHF0S3lFa0hvRGlRem5LcWtKN1JmeFNKeWxJdVpMSV8xZnF3MzNLUXJUQzJLMFMyaTR3VEp1ZjNFUmdOdw?oc=5,revistadospneus.com,Pendente de validação,Resultado de pesquisa RSS; confirmar na fonte primária antes de integrar.
CAND-ac3f61d42149,2026-09-25T07:36:25+00:00,pneus campanha Portugal Hankook,Comforser: a nova marca budget da Euro Tyre - revistadospneus.com,https://news.google.com/rss/articles/CBMijgFBVV95cUxOUkg3UjYzbWo3T1hzWWxfRGpZUTB6Y2ZITms1LTRYUXF5RmppVWh2bVRHaHExWkJlX2V1bV9SUzBHRWQ0aTlLVDl2RDVnS0lnZ3ZoNHY2TEthVmhRMDVKMlc0MlFjR1psMUd3RWFTYkh4V1lNUEE2OHVjcTdBakNsb2NRSjYtRHQwbFdxMlVR?oc=5,revistadospneus.com,Pendente de validação,Resultado de pesquisa RSS; confirmar na fonte primária antes de integrar.
CAND-167d480351db,2026-09-25T07:36:25+00:00,pneus promoção Portugal Continental,Pedro Teixeira assume direção da recém-criada Sub-Região Ibérica da Continental - fleetmagazine.pt,https://news.google.com/rss/articles/CBMigwFBVV95cUxQSWZ3bjkzSUdESzRfSmZtSkxHeFZpajNMSDhQbkZLWi1CM0lidlpGb3ZHd21mOGhhN1R6clF5elFSbERBaXY5bV8yOHpkamplNmliSWhfV3NSU2FaMWpERUJXV0ZnOWd6ZkJUR2k4b3VYcnd2Y01MM25QczVINWdmMFNpYw?oc=5,fleetmagazine.pt,Pendente de validação,Resultado de pesquisa RSS; confirmar na fonte primária antes de integrar.
CAND-a12c753a303c,2026-09-25T07:36:25+00:00,pneus promoção Portugal Continental,Continental Pneus cria promoção onde o consumidor ganha na hora uma caixa de som JBL - Marcas pelo Mundo,https://news.google.com/rss/articles/CBMixwFBVV95cUxPTThPNHVTWVdvOEVIRGE0WWRUTmhIQXhHUXNpajNRSzlIc0w1UG1WRzh6VFg4NUptUmgxYTBIR09Eb2V0YlJfRkNNX25jbklCUGJhUkZSYmJiOGp6WVV4dnhISzhoVVpYaW5FVW1hd2licFRvMDhCOWgxM2U3NXFDYTFLeFhjZ1FUOEVqcGNzYzBaRWs5N2cxQXRMSGp0RDFxNjZRbk5QdmRqU0ZjcktGRTd5RXFSWlpIbllzTDZacE1VX19IS3M4?oc=5,Marcas pelo Mundo,Pendente de validação,Resultado de pesquisa RSS; confirmar na fonte primária antes de integrar.
CAND-0ceee7fbc5a6,2026-09-25T07:36:25+00:00,pneus campanha Portugal Bridgestone,"Lucro da fabricante de pneus Bridgestone sobe 11,3% para 1.740 milhões de euros em 2025 - Observador",https://news.google.com/rss/articles/CBMiuwFBVV95cUxQaEJPbklWRGtZM0o4akNnUmJiWERMeWZlVnlCWDBnWU5NbEg3RlRuZjRBeXZSWHNkMEpZMl9Xa1N4MkU5OTlqTnBXTVhZblBidUpyVnhvcnNsOXZSdnNmZU03cGVtTmRienF0Mm95aHJra1IyV0RCRzJFM0hNcElKWmV5UVF4Ny16ZlliY0taNXNMUnNPQzNETHJlTXFqMDJVM3Z4UHhpSEJVV1loT2E0bFRRR0NPY1d2SW1R?oc=5,Observador,Pendente de validação,Resultado de pesquisa RSS; confirmar na fonte primária antes de integrar.
CAND-cfb994a608c8,2026-09-25T07:36:25+00:00,pneus promoção Portugal Norauto,Norauto assinala 30 anos com oferta de um Renault 5 Elétrico - jornaldasoficinas.com,https://news.google.com/rss/articles/CBMilgFBVV95cUxOWl81aTQxWXk0aEVQemFVc1F1RWVfT0FHbndseGxULXJiYWoxT2JZM2NVZXpNVFZMTzZJLVZ3NHFDTTB3VVZKNndGbkwxZjFqc0hDemRrQU1sM0tYaUNtZUJIbW5UWFk2YmhRa016bDlzanM1bEhIUEVhTTRROWRqQUcyMTlkMS1oRzZmRFpxWmlFRjdRUWc?oc=5,jornaldasoficinas.com,Pendente de validação,Resultado de pesquisa RSS; confirmar na fonte primária antes de integrar.
CAND-998a3bc5a661,2026-09-25T07:36:25+00:00,pneus promoção Portugal Norauto,Norauto aposta nas frotas com serviços e portal Soluções Pro - turbo.pt,https://news.google.com/rss/articles/CBMiigFBVV95cUxPc3JhbDJRWFdROFdfWkNWZ0dPMEdOVk5jdGFEblc3NGdoNnpUNjZzd1d6ZVpucE1DYWpJRmpVZTBEc1dSYm5IRTRDcE8yZjUtb2s0VEt5cTZwVDZHZ3djb1c4X3pqZmpCd2FTc3FMaEtyWEdiUzVwY1Z4bElmbTNVWjFnTUUzTnYzN1E?oc=5,turbo.pt,Pendente de validação,Resultado de pesquisa RSS; confirmar na fonte primária antes de integrar.
CAND-cef0411cca52,2026-09-25T07:36:25+00:00,promoção pneus ligeiros Portugal 2026,Preço de gasóleo e gasolina vai baixar em Portugal. E já sabemos os valores - 4gnews,https://news.google.com/rss/articles/CBMimAFBVV95cUxObXcxbEF3dmV1WW9BOFgyZjZOeXozNWhkZDg2VmpVa1hsX3BSWUJ2Y3JtbFBjQ0VrSFdwVXY5M0pJNzUtZFNnSEtfZFhuOUs5Ni1Pc28tUXRaenRaVzR4VDlxSHczOVNDWU5MYU9LVS02U2pmUk1qMjNOajNqWWN3RUlkT3N4UTlMY2FjUm9wenVZSUMzTzR4Yg?oc=5,4gnews,Pendente de validação,Resultado de pesquisa RSS; confirmar na fonte primária antes de integrar.
CAND-35447a8bc8b3,2026-09-25T07:36:25+00:00,promoção pneus ligeiros Portugal 2026,Anuário Revista dos Pneus 2026 já disponível online - jornaldasoficinas.com,https://news.google.com/rss/articles/CBMiigFBVV95cUxOR3phV2JTUGJsVWVleGtUZWRjaGdUd2hSMTJkVXgwakR6VFpFUlJsdFFFMXBBV25VYVhhOHNCZEZpN2dSOGxxbk1CeU1tN2RjMENCTGdnUU50eUhXam9MVlpsZzk5MTJfWXFCQzFHWVFfdmJfWWRNTlB5ZDk4VDNHb1dmeWswTzhiYlE?oc=5,jornaldasoficinas.com,Pendente de validação,Resultado de pesquisa RSS; confirmar na fonte primária antes de integrar.
CAND-d0acb5d1d830,2026-09-25T07:36:25+00:00,promoção pneus ligeiros Portugal 2026,"É obrigatório: a partir de agora, os carros têm de ter estes 10 sistemas de segurança - Away - IOL",https://news.google.com/rss/articles/CBMi7AFBVV95cUxNVnJnbXg1cGJnUW1xMG1BZFBOQ3o3bVZ6eEhjaGJ5UENVRV9QbzBGT1RrVWkxbFg2MnRpVWI5UWFrODdndlQxQ1RibjFTMGlnRXJEX0dUWWE2SVVOVS0zUEp1VGNfOFZwbmd4eE9QMmdTRFQ1Q1I2QUFnVWR0cFExUkh2VEo2cDFZQ1VSYjA3RnlSNGVhUExnS1FxYmZwTFU5eVBHRGtvQXdXSVJGY3R5QXNpZnI4RnQ1dTFaY3dOTVlrbzdiVmJiUXpER3Mtb2xhRFRrYUFQdWtFUnNOZFN1bnRIZmlhek5sVnF2WA?oc=5,Away - IOL,Pendente de validação,Resultado de pesquisa RSS; confirmar na fonte primária antes de integrar.
CAND-425a0d0d251e,2026-09-25T07:36:25+00:00,promoção pneus ligeiros Portugal 2026,Combustíveis vão voltar a subir e o novo aumento vai pesar bastante na carteira - 4gnews,https://news.google.com/rss/articles/CBMinwFBVV95cUxObTRqRm5WRTgzLWRtYTIyckRzZW51d0NBeVYtOWFETTdUaURoM0Zhd2RCWGlJNVE4N21UMzBYdkFxU1BqZHVaYmhaZ3JYUXNJc0pOVjdPaFBHaFdCby1najNJQkZZUHRkUURUNm1KakdiR25ZbUgwOTRfc3FOMm1oYVlObktBWUprNmN4T3c3bUMzRE9XYUdhb3BFSnA2SFE?oc=5,4gnews,Pendente de validação,Resultado de pesquisa RSS; confirmar na fonte primária antes de integrar.
CAND-a7b21055f876,2026-09-25T07:36:25+00:00,promoção pneus ligeiros Portugal 2026,Xiaomi acaba de lançar nova versão do acessório que todos deviam ter no carro - 4gnews,https://news.google.com/rss/articles/CBMinAFBVV95cUxOWWpORVB3RElxRXhCUHBWM1E3aEw3VjVSZXBVQjlBYTBZLW4xenBIOURkbzlZdUpMaUtpeTRaS0pyRzhnWmEwODYxb1JsNGJmLUtRR012bWpkYXRzSFZVRWF6bEJNcDktdk8ydndXU1VXNFlWeU5Va1lJMFNONDNvRlNhVDNpaDFZU3dyUy1yUUdLQ1gtb2dPLUtKelU?oc=5,4gnews,Pendente de validação,Resultado de pesquisa RSS; confirmar na fonte primária antes de integrar.
CAND-fb49aee31283,2026-09-25T07:36:25+00:00,promoção pneus ligeiros Portugal 2026,Peugeot E-208 GTi já tem preço para Portugal e está abaixo dos 45 mil euros - 4gnews,https://news.google.com/rss/articles/CBMimgFBVV95cUxOSV9ldW1odXJDNXhoZEZBenRHZmVaMFQxa0Z1ZnlWMWc1d2JWZjJOR0tCOXlwZlRkemx2SkhQd0djbVFzajFVQUNYZU0wODFVS2lSQXB4c2gyRkVTQTFLa0Z0cVc4NXBaV1YzU1IxV00xbnRMeFNHQXFHM2RSQ2h6M1hxOWIxOElmRDhNV1JEWTBneWRwaDJvT0Vn?oc=5,4gnews,Pendente de validação,Resultado de pesquisa RSS; confirmar na fonte primária antes de integrar.
CAND-9d61f251a1c6,2026-09-25T07:36:25+00:00,promoção pneus ligeiros Portugal 2026,Poucos condutores sabem disto mas este detalhe nos pneus leva ao chumbo do carro na inspeção - 4gnews,https://news.google.com/rss/articles/CBMisAFBVV95cUxQYkNKTDhwMHEtRHJmRGJEWjQwMGNhVXVkOTY2bVplUW5keUxnSEd0eFljRGwyWU1UdWtUa3dMcVY1RW5FU0FVaDRJbWtGeDkzYllRenZnVkxKRE5EdkgtMkgxQWx3dFBfeUc4VkZXTjFGYXZQLXFZemxlUkQ2RHd3T2FsR0g5THZmUlpZSGVxemlyR3RKNllNS1JqNngyTjRFY2pZR3h1NFdyZWFsa005Yg?oc=5,4gnews,Pendente de validação,Resultado de pesquisa RSS; confirmar na fonte primária antes de integrar.
CAND-616865ad26c3,2026-09-25T07:36:25+00:00,promoção pneus ligeiros Portugal 2026,Os carros elétricos gastam mais pneus do que os a combustão — eis porquê - 4gnews,https://news.google.com/rss/articles/CBMikwFBVV95cUxObjV1aWVfdzBrMGxJX3VxSzRqUE1LRG1GQTdCRllHR1IxTGhhTjhhcDBvTC1kUjB3T2tYSmxaaGNmQVliN0djTlY2X1ZadWZMOTFlZlRFOGo2a0h1cFpsYTlnejM1SHZUVXdXb3Q1RGxHME5rVWR5dHlPRlVZeGlldGVJWTZmUkhPZ1I0UGltc2d0MHM?oc=5,4gnews,Pendente de validação,Resultado de pesquisa RSS; confirmar na fonte primária antes de integrar.
CAND-ad00aadd0d0e,2026-09-25T07:36:25+00:00,promoção pneus ligeiros Portugal 2026,"Stands, Concessionários de Automóveis Honda em Faro - autonews.pt",https://news.google.com/rss/articles/CBMiggFBVV95cUxOUWVPd3lMTkFSa3l5SHpJcXZsd2t0aEVKRGhSY01wNlRUUGpfc2s5TkxvR1cxYjJ1Zl8ySlZhNnZYN3JRNkxlV3M2RTU3Z21HLWVEWUh5UDVkaWp6SGNUS1JfcEhxclh3VTNZdVBySVE3RXlKc09kRi1LZkRaVEl3TGlR?oc=5,autonews.pt,Pendente de validação,Resultado de pesquisa RSS; confirmar na fonte primária antes de integrar.
CAND-a882fdc4ee6e,2026-09-25T07:36:25+00:00,promoção pneus ligeiros Portugal 2026,"Pinheiro & Travasso - Reparação e Manutenção Automóvel, Oficina Auto em Covilhã - autonews.pt",https://news.google.com/rss/articles/CBMixwFBVV95cUxNcUIzQTF6Ty1oRkkydFhCbE9vWG1SNFliZlctN2pfdU9fRWNzWTZ3WHdrYjdzY0hfNGk1bTJjRUZZeEp3ZmNPNER3RV9WQWxGdmJVdGVFYk9QbUJMSDNjRk9rb0VfU0hBTnpOSkppdWVVSGkzVW9HT0YtZXdBemdYNXVtb01OSFBfN2w2ZWJrUUdRdVFQOGxZMEpTTEYzLVdva2o3SEkwbm52Z2VJZ2tUOXJMUDJsSVBtUjNubklXVmwtUGw0Nm1B?oc=5,autonews.pt,Pendente de validação,Resultado de pesquisa RSS; confirmar na fonte primária antes de integrar.
CAND-c72c8dbf4809,2026-09-24T07:35:52+00:00,pneus promoção Portugal Michelin,Luís Simões recebe reconhecimento da Michelin - AICEP,https://news.google.com/rss/articles/CBMimgFBVV95cUxNVmtNZ0M4WEVLNldKdDc5RktqTEtnSWV0bGx4eGxXVW9oSGF3YTB2NGtJbDM5ZFhsOUJ5RnRaUjdOalhaT3J1ZFM3dkNvcUl1UnJGTnpicDVueHhaTlFQN1M2R2VHVmVoR2VQVHc2djBuc29GTzREZTFZNW44TXV4NWR2SHpnaHlXTGdqWlRvd29vOUNCandZLXVB?oc=5,AICEP,Pendente de validação,Resultado de pesquisa RSS; confirmar na fonte primária antes de integrar.
CAND-58a7d6b552fb,2026-09-24T07:35:52+00:00,pneus promoção Portugal Michelin,Mota elétrica que supera mota de combustão de 125 cc já está à venda em Portugal - Away - IOL,https://news.google.com/rss/articles/CBMi-AFBVV95cUxORjhNeGJBOEl1YWwxcThrMEVxYlJuUkhrN2NvV0MwV1NzNDV1cTlSbzlLYmhBaTlSZGc3NGxjS0cycU5LVldTN3puYTJlS1ZJVnYxTlpvTE5mUjh1c1lwZW5BUm9QOFdZMzdxQXBOd0xEQmVBS0FHdlRjdjNaeDFHLUo4dTZoYlcyNWhNRGtEd1E2aTljRmY4TU1La0VReWdacml0aWFHakNKd3lDVEpOemJDdUZzaWhFUE9acy01M09Ya2xCcDVYLXc5NjBTb3Bqams2cFBXa1ZiYldfSTA0X19oaC02clFvaU1CZjNBSVVpZUN5WUtXeg?oc=5,Away - IOL,Pendente de validação,Resultado de pesquisa RSS; confirmar na fonte primária antes de integrar.
CAND-ad73fb5f3e79,2026-09-24T07:35:52+00:00,pneus promoção Portugal Michelin,Novo Aston Martin Valkyrie com pneus de ultra-alta performance Michelin - autonews.pt,https://news.google.com/rss/articles/CBMisgFBVV95cUxNXzhYT3FuaG8xWmlPd0tkY3gzekEzRW5rVmF3WVlDNm5RSFFjVlRtM3JBYVpBODNaWmRvN2JKancydlhXOTR6RWFVOThOcjY5ZTJZZWZwQ2hmY0lmajlNVXhTRkx1UGlyZGxqR3NadUUzNmxaaU81Y21PUktZTFhPNkw1YUIwdnU0RDdCODFkSlJqbG1ENVlZYW11YlI5Nk1xS0V4TW11OWRra25rZ0V2VEtR?oc=5,autonews.pt,Pendente de validação,Resultado de pesquisa RSS; confirmar na fonte primária antes de integrar.
CAND-0246fb347a25,2026-09-24T07:35:52+00:00,pneus promoção Portugal Michelin,"Afinal, o que é isso de ganhar estrelas Michelin? - SAPO",https://news.google.com/rss/articles/CBMiogFBVV95cUxNdWcyNGVTYWhCRlVKNjhiYUpDMzUwY0tlNHdUZ2c2VGVQVjkyQWgtT3hZUUFiR1U4NW9NaU9zVXR2THluN2hMM1pSQXpWMzdOM2dHR2g3YUdHLUtPZTZ0R0VjUUNDTjY3OTlUTGFPVXhDcEFmVTlYLXYwa25NZlBlMllKS1U3MFFuOVpyUGVGVndpcTN5emdyOGpfYXhPQnBfNXc?oc=5,SAPO,Pendente de validação,Resultado de pesquisa RSS; confirmar na fonte primária antes de integrar.
CAND-af43e0b192c9,2026-09-24T07:35:52+00:00,pneus promoção Portugal Michelin,Pneu sem ar e à prova de furo da Michelin ganha data de lançamento - Olhar Digital,https://news.google.com/rss/articles/CBMirgFBVV95cUxOVGtuR2EzX0VEeXBWdkNUYUh5akVFNzdmekd5cjV0N2w5ZTc2djNZcUFvd0JNcE1JaVllbkdDTHBXOGNJSDBPbXZmVC0wX3hMamo3WHJtMHBPQmkxd211M0FKWm5ud25vWTRkVW1Od0w2d2d1cC1BbzkzSHU4WmRCY0lnLUgwSmo5OXVrTk1hT09hU3BUa1l6Snh6R3Q1dHZ0SVBoVHcwUm8wOGdZZXc?oc=5,Olhar Digital,Pendente de validação,Resultado de pesquisa RSS; confirmar na fonte primária antes de integrar.
CAND-9baf5d47631a,2026-09-24T07:35:52+00:00,pneus campanha Portugal Pirelli,Pirelli tem novo logo para pneus sustentáveis - Jornal das Oficinas,https://news.google.com/rss/articles/CBMikgFBVV95cUxObmV2TVZlaDFLVXZJZVFnRVoxUWFSNHU3bHlTVW1wWXBwM2c3Y2hZc0dqVFlOMUtLSEV6eGZlMWdXb1dCVEVvQVdkaVhzU3JVSWNuZ0lCN3ZVaWJldmgyc09UeHdSM0pXNWhrQWFYcUY4bk9iVk1qQW9hTjdfbm5nZk1TOWRvdUk2VTR4SFdyRjVoQQ?oc=5,Jornal das Oficinas,Pendente de validação,Resultado de pesquisa RSS; confirmar na fonte primária antes de integrar.
CAND-730a33b165b8,2026-09-24T07:35:52+00:00,pneus campanha Portugal Pirelli,P Zero Trofeo RS da Pirelli entra em ação - Jornal das Oficinas,https://news.google.com/rss/articles/CBMijAFBVV95cUxNWUdIeEI0M0xjS1lmNi1UU3NqQkV1ek9Ya05lcmd2VnltY2ctbi1SNk52SnlzSWo2QlJtZERXNDU1VXVPcGhXam9FaEZ1U1U5U0R2MmJGNFdaS21ILTMtQXpQSm5fc1hVSVp5X3VzWnItR1FRSXFsNkNDYTE3eEhMVVJCMnBXWVlacGNYbQ?oc=5,Jornal das Oficinas,Pendente de validação,Resultado de pesquisa RSS; confirmar na fonte primária antes de integrar.
CAND-1d0372ddd8d5,2026-09-24T07:35:52+00:00,pneus campanha Portugal Pirelli,F1: Pirelli fará testes com pneus de 2021 em Portimão durante GP de Portugal - MotorSport.com.br,https://news.google.com/rss/articles/CBMivwFBVV95cUxORDRhdmZvZVlMeDhzMjNOZll2bHNmandfTHMxR21yc3pVZ25Rc1BkTzcwSnlsTWxLRUcxWnhQTU9Ta2RUUkVGM3ZDS092ZGV4b0dNRDY4a3RZMklrNWhESGp4bkN0ZzFzTERJOFlxQ1pjaXhfeFJ0YTZfWEpISEZ2djZzdW9MbVBUMndFOU5KN3ZHVmlqeHBkckJyZFhyRFlsVlR5S2xVVnpEZTRkYnBfaF9qdW9HVjZ6RjlOSmU1OA?oc=5,MotorSport.com.br,Pendente de validação,Resultado de pesquisa RSS; confirmar na fonte primária antes de integrar.
CAND-e76032ec6d13,2026-09-24T07:35:52+00:00,pneus campanha Portugal Pirelli,"SBK, Estoril: Pirelli traz compostos macios para Portugal - motosport.com.pt",https://news.google.com/rss/articles/CBMinAFBVV95cUxNdEc4TmtfR2Z3dE1FdFdYRGN0cUpSQ3N5U1NaaDVQQlRockF6TmlEdWkxaEdzdEpHcjg5MjhOeTFDaEtIZmZXQ1M1bzZseWM3cG1DSVVweUlweEEyQllhWVM1Z09rRjR5aERoMXdnNGdkNEt1V2c5LV9oanRGQ21kQ1JYV0RQLU9TaG9nV25JZWNPUF9QZDVoZmlOUS0?oc=5,motosport.com.pt,Pendente de validação,Resultado de pesquisa RSS; confirmar na fonte primária antes de integrar.
CAND-4279652c0de7,2026-09-24T07:35:52+00:00,pneus campanha Portugal Pirelli,Hamilton mudou de opinião sobre escolha do pneu para GP de Portugal de F1 - F1Mania.net,https://news.google.com/rss/articles/CBMiowFBVV95cUxQSXVQeXdzUWY0anlHaHFDeHhGemhqZElqaXJFTnpzLVZGLU1oMk9xUmRWSnJpRVl3MkpZNUYta0ViTEVoZG54bTJ4YzJSNzNsTk1HYUFPV0YxUWpIeEZMY1NCMmNfZHAwaHZJWW5DMFRxdTFsS2FWaGhMc0ZWcE0tZlJUeEFTekFsYUNpUFkwM2s3YmpwbHNiWkdrLXhabmVhNjVN?oc=5,F1Mania.net,Pendente de validação,Resultado de pesquisa RSS; confirmar na fonte primária antes de integrar.
CAND-3b6f6e8b4814,2026-09-24T07:35:52+00:00,pneus campanha Portugal Pirelli,Pirelli leva gama dura de pneus para Silverstone e mira estratégia de uma parada na F1 - Boletim do Paddock,https://news.google.com/rss/articles/CBMixAFBVV95cUxPaEFBeUR0bER2QnQ1Xy01dVN6cDJYeDY3MFpTbHdRdVFFcmRqbVJJc1hnZm9YQUI4ZjdsYXVjdXltX0VSenJSTWxuRDd6TUtjSlFMMGdaOFROMjN0UnI5VklGWGs0c0psaUVFTEVfR19sTHE5TkNBNjdDN0RiekczQmMwZ1VMeC0ybzNnb21tTUJ3MS1DbGt6RG9RcC01R0RWUkc1bEJzNWQ4QUtvMTMxR2hkRnNuZVQ5c1VYQ3lfdTRzTXBR?oc=5,Boletim do Paddock,Pendente de validação,Resultado de pesquisa RSS; confirmar na fonte primária antes de integrar.
CAND-50dfa212291f,2026-09-24T07:35:52+00:00,pneus promoção Portugal Goodyear,Novos pneus Goodyear Newton MTF e MTR - Mountainbikes.pt,https://news.google.com/rss/articles/CBMiogFBVV95cUxOTmV5ODNKUzZ2Z2FIeUFaNlRSU1VuSUF1VVRldXNGMWI0cEN3eS1kcVQ0V1BDOExsWl9wX1M2UVN5d2YzTUdsWnFNSUREM0JuZnJHbTYwNFA4WHZkYXRWOHBfTUdMVU9vWVRXYWdwbF9KWV9Xc3JKVnFuZnBBenBwZFphT0tOWUxqUDVDcXhmcU9uWkh2QTU2OXhIRXk4NGtFUUHSAacBQVVfeXFMT0NHTklkUV8xUW8tWDRhbFdDcHNhbGVpdlBZSE1aUXVWVzl5NUJTbU1FMEVXcFRRWGo4WkxWc1NtZktid1JJLU96LWJaZkc0QkNnc3dVYU80Zi1haDhtQTFZdVlZakFYRjR1cDVzVVU4T3ZzbVJ4LVZrenB1MGlkeXNaWDRTRVVrcENFV25vdEtDX2dqeVRLaXdEV2pxYVljOEFJVE1lYms?oc=5,Mountainbikes.pt,Pendente de validação,Resultado de pesquisa RSS; confirmar na fonte primária antes de integrar.
CAND-e9e0cef3d984,2026-09-24T07:35:52+00:00,pneus promoção Portugal Goodyear,Goodyear vende Dunlop à Sumitomo Rubber Industries - Andar de Moto,https://news.google.com/rss/articles/CBMimgFBVV95cUxNSUt1Wmc1eFZVT0pZYlVIZFhaSEhXMXFGVGZZYW5CR2FMcER2aldvSDBjQ2EwOHM2MDFOSGxKaGJRREpsa3RnQzNiQzJLTzRJLWNEWmI4a3hRWWswdHNNbm5JQm9YbzE0LWpJWWo2bDE0dEVQVkVQSEJxdnhCYmJ6YTFSMGF6OGFkMGM1dnNVOE1jVDdDdmZFQXVB?oc=5,Andar de Moto,Pendente de validação,Resultado de pesquisa RSS; confirmar na fonte primária antes de integrar.
CAND-5bf661fad49f,2026-09-24T07:35:52+00:00,pneus promoção Portugal Continental,23º Encontro Valorpneu debate Presente e Futuro da Gestão de Pneus Usados - Jornal das Oficinas,https://news.google.com/rss/articles/CBMitwFBVV95cUxNTmYxczI4SzBjd09QVVljRXJ6WjhpaXNfZVJMZlVheFpOUmlTSUp3eHExVXg3RFZqcldyNTdTZS1EU1ZSZDUtTF9kNDNvOXFJYWFtMGtuOFpxZERqNk1CbmpuX3ZmanJHQUlOOURybjMxVXhrRnVwOV95akllUkN4MXZUOHN3MllPQng4SnAxa3lGamU3ZEZtcXc2aXhESVBZbjlRcy1PeVRIbWtaenRfU1pjSkxSRUk?oc=5,Jornal das Oficinas,Pendente de validação,Resultado de pesquisa RSS; confirmar na fonte primária antes de integrar.
CAND-988999b62b25,2026-09-24T07:35:52+00:00,pneus promoção Portugal Continental,Continental Mabor: crescimento sustentado em talento e inovação - rhmagazine.pt,https://news.google.com/rss/articles/CBMijgFBVV95cUxNUGNnWUZEckp5TnhzVEs1YnJMU3JRdGJjV2ZvbEtiV0wzeGpsYjJFV0ZVMXhuZEZCX1dYV0xMUUk5Z29fYlE0SjBISXQ5MGU4N19EZ01OejdaR3hrTXBWaGZTTGR5bHJpN0NpSVg0TzBiRlZsQndCTGJYWktRbFBNdVc0ZGVyRm1lZ2lqT0NB?oc=5,rhmagazine.pt,Pendente de validação,Resultado de pesquisa RSS; confirmar na fonte primária antes de integrar.
CAND-4300aedff2d7,2026-09-24T07:35:52+00:00,pneus promoção Portugal Continental,Despedimentos na Continental não atingem fábrica de pneus em Famalicão - O MINHO,https://news.google.com/rss/articles/CBMikwFBVV95cUxOajJfbmpZTWJlVV9DWVlNTllBTzE0cjJpcXlIaTdyNmY2a01pU0RGZkk5eS1qWGw0OUV2YUdKYTh3enlGWkM2N2ZjenZpajI5SENQY0lfcXMwMS1RUmZvT09keUtDcmk4RVJXR2oyOWJXbXpqa0RJSHdQejZ5WThHQVpoOWp1ZXFyZGFPTi13M1Atd3c?oc=5,O MINHO,Pendente de validação,Resultado de pesquisa RSS; confirmar na fonte primária antes de integrar.
CAND-821507c6270c,2026-09-24T07:35:52+00:00,pneus promoção Portugal Continental,Continental lança BestDrive SUMMER 2: o novo pneu de verão - Revistacarros,https://news.google.com/rss/articles/CBMikAFBVV95cUxQZWloeXRJSHFaUjdHYktjeHpCMU5rTmpCREhKbGFSWm5MdlN3VlBraXNKekx4dlVkZFlwWUFHQS1weUhHbWRDTjlWMEY0V1JnS0YtQ01iUTBkY2ItYVBPZldDSF9EQXRFS2YxazJuRFJURDBFdk1UMXZTbDNOY0RsN2FnTWlfcXlMemtsU1hwZFQ?oc=5,Revistacarros,Pendente de validação,Resultado de pesquisa RSS; confirmar na fonte primária antes de integrar.
CAND-ea7e45bf03bf,2026-09-24T07:35:52+00:00,pneus promoção Portugal Continental,Continental Mabor é história de sucesso em Portugal - RTP,https://news.google.com/rss/articles/CBMimAFBVV95cUxON2VIcXpjWXc3YTRKekhfbk5oRXpMWksyTEZwYnJlZDJlT2pfSlpOLUsxVzA2WUZkNnptWV8yUGNRSGV1UmlPX1NLdFVwbnJDVTBvQlNtR3Jsc1NUTExURGlJaUNwblBMekRYWVQyQ0M3d2JJX2UwX2RXZVBpVG1oN3d0LTVQZjRtalNMdXBoYTZWLWhMV2RKRg?oc=5,RTP,Pendente de validação,Resultado de pesquisa RSS; confirmar na fonte primária antes de integrar.
CAND-c8b08238ac83,2026-09-24T07:35:52+00:00,pneus promoção Portugal Continental,F3 em Spielberg: Red Bull Ring acolhe 4ª ronda: pneus e DRS em destaque - autosport.pt,https://news.google.com/rss/articles/CBMiqgFBVV95cUxOeEw4Q3VwRm1mbjBFYXhXN2dhU2NEUE9FVHZpNGZ1d21lZGEzWXRCanJZVVQyWG1xMTBuMEZ4bEZhUkVudWh2ZjhPcndYWVJmT20yUGx3UGsyRHpnYUlWSVVnOS1wRmNTUDVfSEp0QlRaS2Rhekp6b1c5VU15TFlsdmRRa3BySVJZZkhRdEhqeG5ZbVBpUkMzTG1BRDE0WHVrUnBib3diY0M3dw?oc=5,autosport.pt,Pendente de validação,Resultado de pesquisa RSS; confirmar na fonte primária antes de integrar.
CAND-0370f59e376a,2026-09-24T07:35:52+00:00,pneus promoção Portugal Continental,Continental investe 50 milhões em Portugal - TVI,https://news.google.com/rss/articles/CBMimwFBVV95cUxQM1k4RVE3SmV4RmNsUERMUkhaYzBPRE1oWS1VMmdORTFoX25mWC1WemVPaFV6OUNjZjIxLTN0azlSOUVXOUhRRXh3anV0R3pubVpxUXFMdDJpaExSTWdXdXNBLTJDZFk1Yldia2JoOHZieFd0Z0NhU2NhdkQ4QnNDbF9BejNRempzUkhGdzNiTXA0T1czdWdQZkttTQ?oc=5,TVI,Pendente de validação,Resultado de pesquisa RSS; confirmar na fonte primária antes de integrar.
CAND-3860f0049662,2026-09-24T07:35:52+00:00,pneus promoção Portugal Continental,CONTINENTAL PRODUZIU 15 MILHÕES DE PNEUS CONTISEAL - pressnet.pt,https://news.google.com/rss/articles/CBMiigFBVV95cUxQNW1wLW5EbFFIZzRqMm5tQndfamtNeWNQMFV4WFc0eW9pbUdkaTVmbmtZNTBDM01sQU9ZQ0VDcTlkRUlld1Qxak5MeE53cEpocVRNOXNjcXdWSUtIR1FiakREcWhLWGppX2EwT3poSDV5MFRKWDc1UkVlT1RQMkFjWjRkVWJlZkFiN0E?oc=5,pressnet.pt,Pendente de validação,Resultado de pesquisa RSS; confirmar na fonte primária antes de integrar.
CAND-3bf30afc40e4,2026-09-24T07:35:52+00:00,pneus campanha Portugal Bridgestone,Yamaha escolhe pneus Bridgestone para as sport-touring Tracer9 e supersport R9 - Motojornal,https://news.google.com/rss/articles/CBMiowFBVV95cUxNSFpuQzUyeDFZeS1CQ0UwR1pHRWdHNnl6VGowdWdZY193d0VzeVB5RXVpZkZpOE9peDFvMnVKV3NaN3BlTGYySHhqcTY5T0l2TGJPTWNWdkxxS21aVFh3ZVZXOUVoUWdSQXpPeUg5b09ZN1o3c2xOVkZvbnZPOUZxR29ETlc2R1hYQnZTaTNkaTlvSVhVMWZpSUE1SmpVanNCY1Iw?oc=5,Motojornal,Pendente de validação,Resultado de pesquisa RSS; confirmar na fonte primária antes de integrar.
CAND-9475787d019d,2026-09-24T07:35:52+00:00,promoção pneus ligeiros Portugal 2026,Acidente com Angélico causado por rebentamento de pneu - RTP,https://news.google.com/rss/articles/CBMinwFBVV95cUxNRFdLV2ZDUHhoVXdyRTNTcXZoRnloQzZlSk9aM2pNWFRuX2NUYmdaTFFCZk51aVZrdHRLd2dka1o5c2RCOUVwRE4zVGlacVFZcWJyME1rcFlBU1Zsa0RpbG1LZC16Q0ZlSGVGWDVHZGdyNWpKRUgwWnZUemhmVl9WbXRGRDRMVEM3SU1iLWJWTWRyMlBkOXk3R1lLeUxaeUE?oc=5,RTP,Pendente de validação,Resultado de pesquisa RSS; confirmar na fonte primária antes de integrar.
CAND-347a784f2c3e,2026-09-23T07:36:11+00:00,pneus promoção Portugal Michelin,MotoGP: Miguel Oliveira explica diferenças dos Pirelli face aos pneus Michelin - motosport.com.pt,https://news.google.com/rss/articles/CBMitgFBVV95cUxPNDhrQWFQOHQ2aldEeXFwYnEzbXRnano1cFpua05tX0p4aC1WUGhydzh3aFZTS1VYZnBjMEpsX2oteV9yb2tWLUkwRmVzaDB0dzhnZ1BBcE1MNWppVEQ1ZkFXMzYwcWJTbzFJSlFQVmN6QXFfSmVqanFnVFJ4eXhWY1RZN2g3dDFvZzFfVGMtbTFZdF92ZV91UV9CbUpBcUJEUF81YUFjVi10OWhVOVo1YlNpQXR3Zw?oc=5,motosport.com.pt,Pendente de validação,Resultado de pesquisa RSS; confirmar na fonte primária antes de integrar.
CAND-6ac1c572a831,2026-09-23T07:36:11+00:00,pneus promoção Portugal Michelin,A Michelin adapta a alocação de pneus do MotoGP de Aragão para enfrentar o calor extremo do verão - sapo.pt,https://news.google.com/rss/articles/CBMi3gFBVV95cUxNbFdqRlhIcGx1M05nTU1acG95OUR4dkVPWjZDbXM5OWZnUzFEaVQ4dU4xOE1pcVhHV21FOUxnV2dPallvQ0JnOHNnbVBIZWZwb1ROaWYtMWlmelEyQVNPWmZiU2JSVENDbDUtVUxDd2JIVkh0M1BjbmtiYkxGWDFUTlAxLWhMbXR5VF9yOU8xSGhLOTh1LWVwYVNGN3RscjVyNVFXMjhxbVlUS2FSZFN0UENwQXY3REpNZFpxRy0yaklxNHBoX0owemlzZkxGRndHSk5fLXNWOVJPcmpMUVE?oc=5,sapo.pt,Pendente de validação,Resultado de pesquisa RSS; confirmar na fonte primária antes de integrar.
CAND-59a7bf4e117f,2026-09-23T07:36:11+00:00,pneus promoção Portugal Michelin,"Michelin lança novo pneu ""trail"" para dominar o segmento em crescimento da aventura em duas rodas - andardemoto.pt",https://news.google.com/rss/articles/CBMi8gFBVV95cUxNa2NPa25Hc2NIZnZXNTJaOEN5UGVYUnJuMEZ4RE9iOTIySUlKWjI2VmhobDlwSGhkMGVNSk1UNXR4Z0N0RWROU1o1UnpfcHpnenlLN1B5UnVSZWxENExJUWFBVHpCclVuZ1hENHUwT0lVQ3JOVlQzWHQteE9LaGRhN2FJendNNzdfUzR0Q0FQTkZmbGJvbUY5NEhxUVVyZ2FIeV9fVUI1QTJWNjE1TkNEV1BHbk0xY1NRenZaaVpUQzhIY09pRm1nZzlnMGk1Z242M1VmeVNvZzJ2UVBoYzIzY1JlM1F3M0RxSzlkN1hjUi1vZw?oc=5,andardemoto.pt,Pendente de validação,Resultado de pesquisa RSS; confirmar na fonte primária antes de integrar.
CAND-be6bcd330443,2026-09-23T07:36:11+00:00,pneus promoção Portugal Michelin,Fábrica de artigos de borracha em Aljustrel investe 3ME - AICEP,https://news.google.com/rss/articles/CBMipwFBVV95cUxQSEdtbWIzQ1VENnY1Q3RHNHlRVEV3YmYyUjN1M2pTMVFETEJrbkVRSjBHR01DV0JnUzBGYTNWVXZJYlRxdHZPYzYtVzRkQk13dVpvNkFtNEstQ0VsTk11Mi0xaDJmNTNXcTl3RF9UZ0F0aUZHY3kxYkdCWTVTR2VmUTlEX1VyamFYMU1xZEctZV8yLUJPS205dzFjTVN0bDhiZm5uN3JLVQ?oc=5,AICEP,Pendente de validação,Resultado de pesquisa RSS; confirmar na fonte primária antes de integrar.
CAND-4913422bb66f,2026-09-23T07:36:11+00:00,pneus promoção Portugal Michelin,Alexandre Hennion é o novo diretor Comercial da Michelin Espanha Portugal - fleetmagazine.pt,https://news.google.com/rss/articles/CBMieEFVX3lxTE5tckpaYnpWb09hYmNqVTNLdDVxdUJ0VkZYMXUyaFNfVnZzU05INkdnVFZCamZaaVJLNzYzVWJqNFlYN2h6WndOTzhKbDladUVCYVRISklOYTN6WVJISUs3Tm5HUEtqT1BLWGZ2ZDdJVE14UGtjWUVwNA?oc=5,fleetmagazine.pt,Pendente de validação,Resultado de pesquisa RSS; confirmar na fonte primária antes de integrar.
CAND-122716e4dd36,2026-09-23T07:36:11+00:00,pneus promoção Portugal Michelin,Comissão Europeia investiga possível concertação de preços entre fabricantes de pneus - contacto.lu,https://news.google.com/rss/articles/CBMixwFBVV95cUxPeWNEdmZTZDFJTllid0VEc2IxY040SzAxMjZWNjV6OUt3NTNjSy1JRE1EUUNTYUMwSVdtSnRKOVJCZlZ0MlEwTEJyTWV6Zm4tYmE3U3RhZExSeENvYkJRenY1TFV3dEhac2tETmF3QzFWLVY0Z2pEZWpPZXpqN2dtNXhaQUdYaUIxa3JHYllRTVhsb1dwelJnTHVZTmpBM1pYQm1haERVbDBqaFh0S3Zkdk5vLVpuTzduOWxmWlhUNlFKRVRCTkln?oc=5,contacto.lu,Pendente de validação,Resultado de pesquisa RSS; confirmar na fonte primária antes de integrar.
CAND-3106243097a1,2026-09-23T07:36:11+00:00,pneus promoção Portugal Michelin,"Afinal, o que se come num restaurante com uma estrela Michelin - e quanto custa? - Expresso",https://news.google.com/rss/articles/CBMizwFBVV95cUxNOHpBbnJReXhFaktaUk44YjRuclJ3T1pTbGRGR0EtOHBVTENGRnV5QmtuVFNiVl9naUtxUzZWRllLcUpuaFR2R1VpWlZrXzRrVnMzRnpIeEdPVXllT0RVX05aTTdqODlnYmFwM1hKX3JZV1h6Zm85bF9rQnBxX185VUkxbUZBbHByYjZqel9kNE02VWVLUGtCR0x4UmxTc1FWNnNVUUl4bE5ZUEFLN3ZodWh5Z3F4dFFvTWdhQnViM3RuRjZLOFNDZHVaTzN2OTg?oc=5,Expresso,Pendente de validação,Resultado de pesquisa RSS; confirmar na fonte primária antes de integrar.
CAND-52c3d4fcab7f,2026-09-23T07:36:11+00:00,pneus promoção Portugal Michelin,Teste - Novos pneus Michelin Power Gravel - Aderência surpreendente. - - topcycling.pt,https://news.google.com/rss/articles/CBMijgFBVV95cUxQTFhwaXZoU0dmSjhzQ2dRaXFPd2JDTGZrZ3FpYjd5LWZ5NS1ybVNlT1paZGtaOFZUZW4wX19mR21fNkp2MUdiVWd1VDlJSEl1TWpjVVVtZ2lYR1ltejdDVW5GZExHTi1zTlgzSWZrekQycTFPQUV5TV9BNUtJZVlJbXpfdy1wUU9yTFVBN0NB?oc=5,topcycling.pt,Pendente de validação,Resultado de pesquisa RSS; confirmar na fonte primária antes de integrar.
CAND-959aa85886c0,2026-09-23T07:36:11+00:00,pneus promoção Portugal Michelin,"Nuno Ferreira, Regional Sales Manager da Michelin: ""Estar presente no ambiente digital é uma necessidade"" - Revista Pós-Venda",https://news.google.com/rss/articles/CBMivwFBVV95cUxOekFSLW9TUnkzMEFmaWRyQ0JQRmNneUJCUE1PaE5pNEE5VURacjBWR2hHNk1IaEdfVWM0eGh4MURRbnBOVXQtRTNnLTEyaXlKLVZCOHVUd1hTSURyMkJKd0NxempZRENfdnUzME9EUlc3S2dyMUxucmpKa3FIeHEzZTRxVWNUNmgwT2I4bTBBaU9YOVprMWgxQjlwWlRJcnhUaWltTjdkby03TFpZS2Z0aHEwZ3ZHS2V0bFFtc0hpcw?oc=5,Revista Pós-Venda,Pendente de validação,Resultado de pesquisa RSS; confirmar na fonte primária antes de integrar.
CAND-7f4bb10c0322,2026-09-23T07:36:11+00:00,pneus promoção Portugal Michelin,A razão pela qual a Michelin desistiu do MotoGP - A Bola,https://news.google.com/rss/articles/CBMingFBVV95cUxOd1hhUWZENUppSUp4MzJZREVHemlUV2FPREdvTnAtNHJuRFVVcGpwR0F6TzBDb0tHYVFrdHUzRjVGeGR6NFYzdHExTjllWWNuS1duQWJiOS1RdDhXRDUxOU5MZ1lXbFA0OXdKRklxUU9MSkJaWDg0aS1Ka0JRRk1HYnlFYzJvczBnMHVxZ2NMMW5jaTUzRElDY3Nuc2g3QQ?oc=5,A Bola,Pendente de validação,Resultado de pesquisa RSS; confirmar na fonte primária antes de integrar.
CAND-af1ae2b2d23c,2026-09-23T07:36:11+00:00,pneus promoção Portugal Michelin,Watèa by Michelin aposta na mobilidade à base de hidrogénio - revistadospneus.com,https://news.google.com/rss/articles/CBMipAFBVV95cUxQVGRaUWhyMGdjWEZJWkhSNE1FOVNkdkc0b1k2eDMwWVFZb184UmlFTkRzMGdKYmFVLWMyd0ktUkNRazZGejVrRFFXS085U0pyRld4RU5RSnB6UGRENjVuekFLUHZldHBodFJVQkpodE9vY3VRNm85ZzVrajVCVVlac2cxbV82MzNZa080OWZqdnptdm5WalM1YkRNS2xPUWgwb1M0TA?oc=5,revistadospneus.com,Pendente de validação,Resultado de pesquisa RSS; confirmar na fonte primária antes de integrar.
CAND-1f9e10bdb49c,2026-09-23T07:36:11+00:00,pneus promoção Portugal Michelin,TJA pioneira em Portugal na utilização da tecnologia QuickScan - supplychainmagazine.pt,https://news.google.com/rss/articles/CBMirgFBVV95cUxOZzR4SHVZSV9rZ3ZWRDRpVFJYTXVGVzJwbkdNankyQlh4OFdFdzl4THlUMk1kQmZZN3ctV0l1YkM0eWI5STJyQ19NNTIzVGg0YXF3S3h5MDRYMUpwalUtUC1iN2hSYld2a0UwQS11SnNienFtNjBFbVpFNVBtc29jNDQyZGhmR3VPNmdrTlYtSGc1UHJNZW5xc1lEcU9sOWZtdVU2OENWNzZYcVlUOVE?oc=5,supplychainmagazine.pt,Pendente de validação,Resultado de pesquisa RSS; confirmar na fonte primária antes de integrar.
CAND-8d06a9c8e350,2026-09-23T07:36:11+00:00,pneus promoção Portugal Michelin,Objetivo: 300 mph (482 km/h)! Michelin já desenvolve pneus para o conseguir - Razão Automóvel,https://news.google.com/rss/articles/CBMifEFVX3lxTFBCMDY4MjRxZ3pxQWEwUnE5dnRqNnVVcE1kTXBXeDNuNkdyUGVoMXZ6MWZnaDNrS3BPRDN1MHB0SUIwa2gtLXd6NEdzYzhpWERLTnppTEpyN2FOOGFNWWR5UDRGRVZ3UjlNRG5HU2lQQ1REdDBOSHdsSkViWFA?oc=5,Razão Automóvel,Pendente de validação,Resultado de pesquisa RSS; confirmar na fonte primária antes de integrar.
CAND-ad56448a957e,2026-09-23T07:36:11+00:00,pneus promoção Portugal Michelin,Teste – Pneus Michelin Force XC e Michelin Jet XCR - topcycling.pt,https://news.google.com/rss/articles/CBMigAFBVV95cUxQXzJLd1BKdW8xTFdHQkNtWFFNWklTT0lTOHJmYWkwYlRyZHN3bGt1blFKMWx5VGdYQXU0ZW45clZwZGtuOUlPa0dKN1lGZlVTZ1JRWm4wTkIxSlRXVzN3Mzl4TkhicUQ2WmdackVqRzhoNXJ0T1NyREZzWjlseDdKMw?oc=5,topcycling.pt,Pendente de validação,Resultado de pesquisa RSS; confirmar na fonte primária antes de integrar.
CAND-2cd0826fcc27,2026-09-23T07:36:11+00:00,pneus promoção Portugal Michelin,Michelin gere manutenção de pneus da frota dos CTT - Revista Pós-Venda,https://news.google.com/rss/articles/CBMie0FVX3lxTE52cDZNbGF5d0FGWktKdzZTNG5UYkxibkF4ZWMyOWtWZjM4MFRNSmpEa1RqR2ozbXBhYmphbXY4WXE4MDNBNlpfdmQ3bDMwakpXdklOUmFuVnRmNUtqenV5TmtxcTRRNndVdng5WGVtX1NpN0ZNZ0JIcDhJTQ?oc=5,Revista Pós-Venda,Pendente de validação,Resultado de pesquisa RSS; confirmar na fonte primária antes de integrar.
CAND-0b502db0d4f9,2026-09-23T07:36:11+00:00,pneus promoção Portugal Michelin,"Já se sabe tudo o que mudou em Portugal no Guia Michelin: veja quem ganhou, mantém e perde estrelas - Expresso",https://news.google.com/rss/articles/CBMi1AFBVV95cUxQSkZyeXVBT3lMYUdyakVTMnFBMllpbXRUTWlBdzlXWGRtX3RJSkFXdTI1VjBtRVF1YnNiOWxCOWZ2azJYVFQ4Vjc0RGN6RnhkU1k5R055VmRtX29QOHk1MWloV2R3cXNXY0RzUWEtX1g5QnN2SS16SEJjZ1FBUl9SYnMwOWFmVXVUWDA2OWNVQ2psYjJuSXhpekcyVnpPc083NlJ5MThCOGhfWUZiSzZXbXRlbTBkSDF1Vlo3UTBTajFHa00yeUdnSGhzMF82aWw0RmdDTg?oc=5,Expresso,Pendente de validação,Resultado de pesquisa RSS; confirmar na fonte primária antes de integrar.
CAND-dadb5c185eb7,2026-09-23T07:36:11+00:00,pneus promoção Portugal Michelin,Pneus: 20% do mercado europeu já é dos chineses - Pplware,https://news.google.com/rss/articles/CBMihAFBVV95cUxQOVB0ZUNpdUdEdE96a2c2QzVzalloVUpFTjA0dUx6VzN5MHZsUnBiWHZEQ0pqYlp6MWVoYkIwNThQdE5tTnpqanF1WUkyLTV5WUlJb2RvYTFjU2I3VUhIMC1BQjZJU09FOFhpUjFhZ29MYllsVmhsWVE5d1VFczhsU280SjXSAYoBQVVfeXFMTjI0bkgxdmtScFY2b1lyS0t5Ujh1WWFmUGJVdXpKLTNfVU43Rzhra1ZuS2ltSkM5OTNMM1lCYmxTd2t2VzlJYkpWa3B2VlFQTzBYZ19WcG9kelBNZTZNQzJBZmhmRzdQbUJybElnS2NlLUp3TmNDYThZSUxWTkN1WnVUMjFkT2JNS0Vn?oc=5,Pplware,Pendente de validação,Resultado de pesquisa RSS; confirmar na fonte primária antes de integrar.
CAND-cac624ba8022,2026-09-23T07:36:11+00:00,pneus promoção Portugal Michelin,Michelin e.PRIMACY: o novo pneu eco-responsável - fleetmagazine.pt,https://news.google.com/rss/articles/CBMiXkFVX3lxTFBWZEZlSFQ1cWdtUi1XbndiYjNBZnBVZXJIbWlkZW8xaEtQVU1qSUk0VWhPQU03VDVCdlVnN2wtQzByLW1FelFXaTNCeHZtbkdLSC1EVHYxQTRlNTdVN0E?oc=5,fleetmagazine.pt,Pendente de validação,Resultado de pesquisa RSS; confirmar na fonte primária antes de integrar.
CAND-c74b97ebb449,2026-09-23T07:36:11+00:00,pneus promoção Portugal Michelin,Michelin automatiza reesculturação de pneus de camião e autocarro - Revista Pós-Venda,https://news.google.com/rss/articles/CBMijwFBVV95cUxQN1pHdGJ2NUpoNW5yaHNXR1VYN0I1ZmJMSDZSZk1sUE9VTW9xVmVTRmpUTHp1eUhoM09FbTdLMUJHTXEwbnlUX2RvWUh6QzBNRENNWGZvUFJxYkcybG1maVNUaklDQk4xaW1udldnUFZ0cHNDUDFweVBwVW1pQV9RLTMzcll3YnZ3QVZRUkl0NA?oc=5,Revista Pós-Venda,Pendente de validação,Resultado de pesquisa RSS; confirmar na fonte primária antes de integrar.
CAND-f81783c3c36b,2026-09-23T07:36:11+00:00,pneus promoção Portugal Michelin,Antonio Crespo é o novo diretor comercial da Michelin para Espanha e Portugal - Revista Pós-Venda,https://news.google.com/rss/articles/CBMinwFBVV95cUxOYXR3MEswcGVsTDBLRzNBcXA1WUMyTHBpdV96WDdtWlUzNkV0SzdfaFBWc3RSckNOaUZ2dWhiUGJhVlhqMGhXWFRwWE40ZFZTa2UwZ3k0T3AwS2lGbU1LNGZkYnlncExUQW9kaTJ3Ykh6N24yd3hGb2Yzbl9IQ3BYRm55S0tTV2V4X3ktS0YwN1IxYU42RktOWnRZd0NTZ1k?oc=5,Revista Pós-Venda,Pendente de validação,Resultado de pesquisa RSS; confirmar na fonte primária antes de integrar.
CAND-0da1ecc07f8a,2026-09-23T07:36:11+00:00,pneus promoção Portugal Michelin,Michelin lança BF Goodrich no segmento dos veículos pesados (com fotos) - Revista Pós-Venda,https://news.google.com/rss/articles/CBMijwFBVV95cUxPRU50Rjg3dDc1THg1XzJObGxMYkdyeGI3V0Z5aGJCYTcxTWI5NFgxUmI5aXpqRS1jR3RCN2d5d2pGWW1qcExQaHZiZjVYSzNVR1o1RnZFNjViajZOUG9zV1VFRWxCOWFibHRCLTlJZzRaWlpMMFJsV3MyZGJIUHBOZENEY2JZT3hmQVIzcjhaVQ?oc=5,Revista Pós-Venda,Pendente de validação,Resultado de pesquisa RSS; confirmar na fonte primária antes de integrar.
CAND-c4ccd79afd41,2026-09-23T07:36:11+00:00,pneus promoção Portugal Michelin,No início do século XX já tínhamos restaurantes no Guia Michelin. 10 curiosidades com muitas estrelas - sapo.pt,https://news.google.com/rss/articles/CBMi6AFBVV95cUxOU3VlSHlRa1NOTGZ3ZlRZTmdUY2p1eWV2YnR2c2xqcFR4YlYzcTVwVFhYQ25LenhGZ3lzYTFkMHd0VS1XemdmRVRrYW9HenYwb3o2MWtPWmVzdXBEOHFtaEJCTUwyaG40WllUWV8yVURuSEZZbVhjT052UzF1c1QwNWxFUHZwZ3MzQzE1YkJSMFBYbkFvNWJ3OXgwZVBUZWpvckJQcWNGSmpGT3V5Z1prLW5LMzA3QlBjeE5zcU92ZF94MUppN1M2Q1duVTVrMTNNVHhTRmt6RTZ1UDdvV293QTZxbFo5ZjM0?oc=5,sapo.pt,Pendente de validação,Resultado de pesquisa RSS; confirmar na fonte primária antes de integrar.
CAND-fc5a731fa285,2026-09-23T07:36:11+00:00,pneus promoção Portugal Michelin,Tiago Monteiro e o GP dos EUA de 2005: um pódio inesquecível num cenário insólito - SIC,https://news.google.com/rss/articles/CBMi0gFBVV95cUxPbzIxVlFKeFpoYW5OMEhyS2hFR1pkbGRDT1A4NzQyUDIxRDAxV21FeGhYa3FnOElWWWo0MHNUUktsX3VwZENiRUVSSE1yUF9QR3psdVRuc05aekdkakdLVE9DYmVyYkdyZUZfRU1tSXFSSDh3SVFtcE1rUEl0bmdQUHBCMEZxRkZvc3VIRlB2QmlrTWVZVC1QNk9LbWprN1NEVkkzV2ROY3VkVGJjcDBLNVMwUTNmQ2N6Zk5FeURiX2hUaVNfWUFhRkppak1Wc0FkRFE?oc=5,SIC,Pendente de validação,Resultado de pesquisa RSS; confirmar na fonte primária antes de integrar.
CAND-8e518d897333,2026-09-23T07:36:11+00:00,pneus promoção Portugal Michelin,Create Business reforça presença da MOMO Tires em Portugal - revistadospneus.com,https://news.google.com/rss/articles/CBMiowFBVV95cUxOWFAtMHJzMEVyMmtZOFpFVzVoRkVlc1Y3MmVORnRhMTFhWERGa2lpM2hZSy01d1JtRk1RNENCeVhCRGFkRV90am81NXRlblFtMWQ4RWNYaUtpRFJIbDkwekNuNV9GLXVVSlFaOWN2bzNCUU1ObmlNR2ZxMzBTN0VDV0hDOEVGTHh0c25hUW5XckNrTmZEcVROMnQ3TFhEX1R3MHFz?oc=5,revistadospneus.com,Pendente de validação,Resultado de pesquisa RSS; confirmar na fonte primária antes de integrar.
CAND-6350f56f2860,2026-09-23T07:36:11+00:00,pneus promoção Portugal Michelin,Michelin se torna parceira oficial de pneus - gran-turismo.com,https://news.google.com/rss/articles/CBMiYkFVX3lxTE5wUmY3b0NlNHhvZmwzQlZNU0RkeG1zWGhIWDFXVXpXSmhvcnlsb2FneW1odk41Tnk0cU52RERKTXEzVUU2WmI2eW5OaTNFbm1fcnJkN1JMbC00RDNiZUlHbFJn?oc=5,gran-turismo.com,Pendente de validação,Resultado de pesquisa RSS; confirmar na fonte primária antes de integrar.
CAND-5b6004d98497,2026-09-23T07:36:11+00:00,pneus promoção Portugal Michelin,Michelin Power RS - um novo pneu desportivo para moto - andardemoto.pt,https://news.google.com/rss/articles/CBMimwFBVV95cUxPVjJPT01oelVZMjNzbnB5THFoV00wYWt6eG5rclZvUnVHQ1RGNHRiUjFPT0IwOENnQnZqanpZSkxrcERuX3VycXRWdWNHNmNmVnFWZ2xINHVPbWtDSHZaclFLSWlOYnNJMDlKd3E1TE4zeTdZSkJVXzRaQUpYUjdVcHRPLTdobDVXb0hqSlR1a2VXSUdRa1VBMUFnZw?oc=5,andardemoto.pt,Pendente de validação,Resultado de pesquisa RSS; confirmar na fonte primária antes de integrar.
CAND-41981fd61968,2026-09-23T07:36:11+00:00,pneus promoção Portugal Michelin,"MotoGP, Piero Taramasso: “Restringimos os pneus traseiros a duas especificações” - motosport.com.pt",https://news.google.com/rss/articles/CBMirAFBVV95cUxQRGxGaUpudmxCVm5wQlhOOHNXQjZ5ODgzRHphaXdHbmU2MUhROU9CQ1ktdjNwcGJiUUo3b1FGMzVlX0ZCUVlDUjBrQ1BOaUNNZjZqTzdfbWkyU1RqeG9HdW44Y0pqck1jYks5ZjFxejBTZDgyMVFJUDJXc2s1Tjhxc002c3RuTkhfN0VKYlpGMkxZaHc3aGZtQUhBRnEwMXhfUm4yLV9PVVJKQzRf?oc=5,motosport.com.pt,Pendente de validação,Resultado de pesquisa RSS; confirmar na fonte primária antes de integrar.
CAND-8dddf959f6ad,2026-09-23T07:36:11+00:00,pneus promoção Portugal Michelin,Uptis. O pneu da Michelin que não fura pode chegar em 2024 - Razão Automóvel,https://news.google.com/rss/articles/CBMid0FVX3lxTE42MUNlNVRLc0Y2SWhyc2xySG80OEYyUlJ2cC14MDRvYkEzbVVfdnNGX2dqUVd6NkxDbjItcGhWd0V6NkRwTXVZWkFTazN3Tl9YMVA3YS1Vb081UDA0RVFReE9pTnkyd1ZJdUQzMlNuT1Z1ZzFTdW5Z?oc=5,Razão Automóvel,Pendente de validação,Resultado de pesquisa RSS; confirmar na fonte primária antes de integrar.
CAND-fe6b20c46efa,2026-09-23T07:36:11+00:00,pneus promoção Portugal Michelin,"Jack Miller enfrenta uma degradação extrema dos pneus Michelin no MotoGP da Áustria, termina em último - sapo.pt",https://news.google.com/rss/articles/CBMi4wFBVV95cUxOcUloaWpOX1hCTi0wMksyTnBjcFpWc1Q4U24yc2lWR0RVT3dMUUk2VDhDMk9IQ3dFd3ZEY1VTcnQ0Vmlwd0lYOVNKVVlFQ1k1YktibnhBUm9UMnAzRHFjVW91a2s0cEZpaWIxemN5RVhzMmJaZkw2T1E1UXV3eDlQT2Z3QVN1SXpvMzJuYWFlNmxQMzJtbzA1YkNfaVg1SFB2dldhWGIzREpOYnJSRFRVV0lJUG5xVWVhaGxFM2lNLUxNbTczRG8tOEo1X3NLaUpjcXZuSXVhc19od2kwSmFUVGExcw?oc=5,sapo.pt,Pendente de validação,Resultado de pesquisa RSS; confirmar na fonte primária antes de integrar.
CAND-b2623572dac5,2026-09-23T07:36:11+00:00,pneus promoção Portugal Michelin,Michelin divulga novos pneus das classes principais do WEC e IMSA SportsCar para 2026 - Grande Prêmio,https://news.google.com/rss/articles/CBMitAFBVV95cUxPZWJNSk9HbXM4aXhHWUF5QVJEMGV6QmNOSzlGSk1Cc0sxcDF4VnFPUkpwbER4R1VvRkRzX0k3aXlqbGNRclNLYlZnYTJ6Y2RnLVlQYm01ZkpxbGZUbGwwOWZoakdOb1dVeVRIWlBDWU1HZFN3X3BWYzZxVGEyZ1BPbG1nRXVPY3RkR29aSVE2RnM5aW05VjJnYnJ1Q1E5TkhsNFJOa0lDRHVvSUs5QV9JWTlHT0Q?oc=5,Grande Prêmio,Pendente de validação,Resultado de pesquisa RSS; confirmar na fonte primária antes de integrar.
CAND-eb6cf239f78f,2026-09-23T07:36:11+00:00,pneus promoção Portugal Michelin,Luís Simões recebe reconhecimento da Michelin pela gestão sustentável de pneus - Transportes & Negócios,https://news.google.com/rss/articles/CBMitgFBVV95cUxPcFYycUwwMmM3TlBzdU5BNGROX21SRjV2OXc2ai1UYVlLVndhTE80RGxJX2YtQkpSejM5Z2Z0Z0stT0ZzS1R0em14M3c5TURvTHBsU1RnZGFSQUhkenBUWVZTZDVveUkyYTFIQUlOZy1iOHpZbHRiZHAzU0RkUlJfeXBEc2Uwb2VLX0luMEFTaDh5c3VoQjVha0p5Q0xVem5UMmJ2dUJGZVhDcGVXSHBsZXRYclpLdw?oc=5,Transportes & Negócios,Pendente de validação,Resultado de pesquisa RSS; confirmar na fonte primária antes de integrar.
CAND-4a1fc802829e,2026-09-23T07:36:11+00:00,pneus promoção Portugal Michelin,Que marca de pneus aguenta mais quilómetros? - Notícias ao Minuto,https://news.google.com/rss/articles/CBMikwFBVV95cUxOak8zczJCTmhmVWdtRnpCcWhka01FdHBzOTN1VktqOXJ2dHlOSzUySHlYUEFiQXJURXliUWNxTVphTG5zMndWRFlSbjN4cGdaRFBNUGNQTWZCYXh0eWNJU2dfNnhxX1RXeUJoYk1pMkVXOUVpWVNlN3J0dWoxclZtRmRTbHJ6eXo3U19UMmhEM21HM0k?oc=5,Notícias ao Minuto,Pendente de validação,Resultado de pesquisa RSS; confirmar na fonte primária antes de integrar.
CAND-2b6e0710a60a,2026-09-23T07:36:11+00:00,pneus promoção Portugal Michelin,Michelin desiste do novo pneu dianteiro para 2026 após anúncio de saída do MotoGP - andardemoto.pt,https://news.google.com/rss/articles/CBMiwgFBVV95cUxNb2hhcUh6MExncWJqQk9hby1NV3p2VkxpUENYVnVIOHVvT2dfUE1YSWVWMmNFVGJyVi1hbVB5VTVodGFKSm5VNlNjZjYxTDNkUHV6V1BzT0V2WE1UV0NHVjZ1TWpwSXRqTnhZVVA2MmZMbXp5Rmt5bm9wWTNBU25qbVdhcUd5TEt0cFY4SnBiNm1wLVA4eWVEN3lkWFdjWlhfNFhvZGYzZEhTRDBqbXRSVFQ3aEg5amVIZjVTTXhEcXRkUQ?oc=5,andardemoto.pt,Pendente de validação,Resultado de pesquisa RSS; confirmar na fonte primária antes de integrar.
CAND-ec543c04a396,2026-09-23T07:36:11+00:00,pneus promoção Portugal Michelin,MICHELIN City Extra um novo pneu polivalente para scooters e motos de baixa cilindrada - andardemoto.pt,https://news.google.com/rss/articles/CBMi8gFBVV95cUxONmRfUVBqaTN3NWU3eDhzaXp0dFJKN1hJZ3hQQ2NsTkMyR1VjNnJjdGpmVUFXbElvWVVyaFA1c0t2cVhXZnJMa0JyLWx5cUhGaVl0eHhKM01BZVd2cWtGcE5PQklYMDNsRHoyYjZmMGxpTUJlbkx5QWNFZDFFS0NocEN0anU2cVdBeVg0aEpHeDVXWjBLckh5Y0pxeWRPWTNPaEMyZ0RRYWRmUXV1bGVpajBORmx3eklGVmFXYUxmTUg1Q09EUG5wS2FwQ25ZWi02YThNTHVGMXEtNTFOd1I2a3QwS0xOcC1TcE11R1lNcUtxQQ?oc=5,andardemoto.pt,Pendente de validação,Resultado de pesquisa RSS; confirmar na fonte primária antes de integrar.
CAND-4c035374345a,2026-09-23T07:36:11+00:00,pneus promoção Portugal Michelin,Nova geração de pneus desportivos para automóveis desportivos e berlinas de altas prestações - autonews.pt,https://news.google.com/rss/articles/CBMid0FVX3lxTE1uN2tzb3RxWGZIekpMRkRUUzVIbV9wOXBuRVA4dUktWWFubFRwdjVyQ21qUndCTlZaM2FLcWl1ZXFodDYxOWZQZVRzMk5wV0haTVBPZFFtNEp4WHlfeDJOSkRFcnpYa1kzb3FueVVDT05WVWxqRDdj?oc=5,autonews.pt,Pendente de validação,Resultado de pesquisa RSS; confirmar na fonte primária antes de integrar.
CAND-1c31e6150249,2026-09-23T07:36:11+00:00,pneus promoção Portugal Michelin,Grupo AD inicia comercialização de pneus - Revista Pós-Venda,https://news.google.com/rss/articles/CBMiakFVX3lxTFBDbXJmb1NYQmxVMENxb01Wc3FjS2tONjA2eFF6aDRlQUd0V2dXUnF2eVQ3ZldFTUZRQ1p2V0lZM01NUGZDTmZKblNhdGtSaGRNQUJ1aTFjRlpvNVMxWVFvLTZlVkc3YnIxRmc?oc=5,Revista Pós-Venda,Pendente de validação,Resultado de pesquisa RSS; confirmar na fonte primária antes de integrar.
CAND-93692172f73c,2026-09-23T07:36:11+00:00,pneus promoção Portugal Michelin,Michelin apresenta o Commander III Touring e Cruiser - andardemoto.pt,https://news.google.com/rss/articles/CBMizAFBVV95cUxQcUVZN3VPTzZmRzgwTDN3YXI2YzVockJvbzFFX21mX2ZORlY3WExOVjQxLVVjeHhwRzI0LWFkVTFvbGV1VldiSHkwcHVDU2VDNXc5NEhFeWdtM25vYmhvZzZaOFJ4RUl1bk9jSjlZRjNzekV5WC0waHp4SnRvUGR1V1h4MzJvSEtvTnFKeC1JbnVwX1J6d2NVREpQdmFhbjFJZktqdjJ1QzlxaTYzYzdRSkVMc3dRa1F1TERUWF93LVBuMHh0SGV6bXlhUFk?oc=5,andardemoto.pt,Pendente de validação,Resultado de pesquisa RSS; confirmar na fonte primária antes de integrar.
CAND-98bddbac7856,2026-09-23T07:36:11+00:00,pneus promoção Portugal Michelin,Pneus sem ar MICHELIN UPTIS são testados pela Michelin e DHL Express - autonews.pt,https://news.google.com/rss/articles/CBMirgFBVV95cUxNNS0wY3JlYWpDSGxOZ29JUzVTVHM1RnpNXzNUMjZXcVo4X2FwWFZOZy1hS3B6LU55b1JkYk8yLWFpbUpLOU1BdkszeHhoY3Zxd0c4c1NCM1g0UjNlUGRtOF9UX2x3enpfa3FLT0xGbkxIUWQ2ajVKbHdocU9RTllWRm5ibW5xUWhVZHc2Yy10djI5T3JNRFNvc0Y4REJiQjZjamRWaGlINGpUbl9EeGc?oc=5,autonews.pt,Pendente de validação,Resultado de pesquisa RSS; confirmar na fonte primária antes de integrar.
CAND-386b70c29ddc,2026-09-23T07:36:11+00:00,pneus promoção Portugal Michelin,3 Novos pneus Michelin para Off-Road - andardemoto.pt,https://news.google.com/rss/articles/CBMitwFBVV95cUxOUmllSkJ0MG1qaDFtUlFxN09JV3lyTzUyWXlqTXpuVnFIZllELWxiekJCUmM0WldrWGZfN04zNmtSRk1sUkV6N1dZV005ZWtWUktjbGlFckdCSkRjeTJfRTgweEI0RnRPcVFoeVZCVEJaV2Y4R0tkcmgtNWl5RW9NYm1EV0xuR1AwZXprWUdMbnF1ZnhET2dXTzI1UWFpakxnd0g1VFZwNm85b050UVotY1VJUDBJRFE?oc=5,andardemoto.pt,Pendente de validação,Resultado de pesquisa RSS; confirmar na fonte primária antes de integrar.
CAND-83cbb80122f2,2026-09-23T07:36:11+00:00,pneus promoção Portugal Michelin,Nex Tyres inicia operação com duas plataformas de distribuição de pneus - Revista Pós-Venda,https://news.google.com/rss/articles/CBMilwFBVV95cUxNZHlxS09KZ2dzQWpJdzZ5bm5MSDJNMW51STFGT2xJcGJKNEJ0dWhDRVBadGR6cm52S0lCZWRZalJSSzRYb0t6UDVpOEdnV0kyOHlzRkhNakNEWGxBYWE5aGVZdVlwTXpEOUVhNWtuWmpzRDgxWldLeG1hWVQ3czVVZUlKS3ZFcDRDdjRmc0pEZFlReWljalEw?oc=5,Revista Pós-Venda,Pendente de validação,Resultado de pesquisa RSS; confirmar na fonte primária antes de integrar.
CAND-9fdbceae75b2,2026-09-23T07:36:11+00:00,pneus promoção Portugal Michelin,Michelin UPTIS: chegou o pneu anti-furos que não precisa de ar! - Highmotor,https://news.google.com/rss/articles/CBMilgFBVV95cUxOb3J1TGQyeXRGSnExZVcyVTZqWnNoTUlVNEQ4QWxseVBBUUVJSHNsUWhJRGpDcjY1cHVRZGtObmJpWHdEQlc3VE9zQThUUzA5dHJiUHdpa2sxaTR6UzFoS095VzdfVkNSaEJ6cEZ1TjhPY25RN1hDWG9YOW9pZV9lWjNPMjNTeU1rREpmY2dOYTc4SW11VWc?oc=5,Highmotor,Pendente de validação,Resultado de pesquisa RSS; confirmar na fonte primária antes de integrar.
CAND-a4ee9758d0b1,2026-09-23T07:36:11+00:00,pneus promoção Portugal Michelin,Michelin conquista a sua 32ª vitória nas 24 Horas de Le Mans - Com os seus inovadores pneus MICHELIN Pilot Sport - autonews.pt,https://news.google.com/rss/articles/CBMiowFBVV95cUxQRDZnRTJ4V040WmRNNjJLaUhaYzgyMk5fSGVidXFDV1NacFFMM0EyTkh4TzEtRlhqT3poZHJaaDlpTEgtWVZzOFZpU2lieGVjOXhPSmJCc1hzUnlleTBrSndpRlU2YnVRV2tSdW9ZVGo2Rm9ja25HMkdTU2pXMThhdW1SeHN1UmYtNFZ6QUJUNnliMGs4WjZaV25hTEw4Q2c4NUpn?oc=5,autonews.pt,Pendente de validação,Resultado de pesquisa RSS; confirmar na fonte primária antes de integrar.
CAND-36d562844f90,2026-09-23T07:36:11+00:00,pneus promoção Portugal Michelin,Anakee Adventure - O novo pneu Michelin foi homologado para a BMW R 1250 GS - andardemoto.pt,https://news.google.com/rss/articles/CBMi6AFBVV95cUxQck1sRjRSS0RkOVhKdnp3RmtLUXZmRXBfTW4yS2J2U051NmV2V3BOU3IwQjJ4SFo3cHRXZUtMUzhleHNaVHMtTkM1cmNuR05xQUlZX2tzOFdJdXNLV3diRTFXWnRvM2VEZXNuUTVlZTRpcnZ2TDhocmhsTmZlTHlfb19FNFhRcTE0d1pxanZUX3F4LU1xUEtPZ2lJck5BTGRFaVNVOUVXNGlrVU16cTY3ajc0RnJvRnBxdnk0VnJrLURSbkc5MlhyaDR1ajdwZE54dDNSNG5vNG16djMxdWwtM2xjeU5zcXNh?oc=5,andardemoto.pt,Pendente de validação,Resultado de pesquisa RSS; confirmar na fonte primária antes de integrar.
CAND-6b70cb38d704,2026-09-23T07:36:11+00:00,pneus promoção Portugal Michelin,"WEC: Michelin lança pneu ""mais verde"" e duradouro para a categoria Hypercar em 2026 - autosport.pt",https://news.google.com/rss/articles/CBMivgFBVV95cUxOMzQxM0pvSXQtaDg4dGkxVG1kS2tGaHZoM1lpWHRjZVRXLWJNWWVjcUtYOFB2YlZZU25qaFpoLU5ZbXdzOVBKbjR3VVBNUWRtRjM0eEFVaUFYSVpSblBfb2VNN3hIQk9EZUJLYThBQ3ZYOHczWXVWOC1ReHl4X0NaSjNxN0NFa2F1SnQwLU5uQzVqNEpad094VFlQUDJDeTlKSmJtVmllQTNkRW1IUXhNQVhrTGIzeFNCaHhEY3Zn?oc=5,autosport.pt,Pendente de validação,Resultado de pesquisa RSS; confirmar na fonte primária antes de integrar.
CAND-cd446cae7866,2026-09-23T07:36:11+00:00,pneus promoção Portugal Michelin,"""Quando ganhei a 1ª estrela perguntavam-me se tinha a ver com pneus"" - Notícias ao Minuto",https://news.google.com/rss/articles/CBMitgFBVV95cUxQRjl1SmE5azQxQVdhMkJMam1YRllOdXVhVnpxT09IVkRvSzZRV3doLURvQ1djYXB2RFV3UXJPOVVadzJzVnM0UnNPTFdsdE1TTkdBQUo3dDkzcG1wUFNoc1NONkJOTGJfWlR4cWRua2JRTkFSdXNfN01PcjdkMzllQURDbVZWNTBJcE50TjhPRHAwSlZ0bzVKNGRtMDlfSjBUTjdOdThwTnNNemxjX2JYdlQ1YVdiQQ?oc=5,Notícias ao Minuto,Pendente de validação,Resultado de pesquisa RSS; confirmar na fonte primária antes de integrar.
CAND-162b258102f7,2026-09-23T07:36:11+00:00,pneus promoção Portugal Michelin,Michelin altera alocação e leva pneus reforçados para GP da Malásia de MotoGP - Grande Prêmio,https://news.google.com/rss/articles/CBMiogFBVV95cUxOTDhaajZ1Y1dDdW9TVFJnZmVWUTd3ZHhhdVR3Y0RoTW5ERFBjVDFTRWdFVFB4akd6WlliTU00MjZVaE8xb0JYMmpwblJ1MURlSThNUXhSX0xZS0I0SFMyX2VFMGVSazdBX18tUW9qQnFOME9wcm9PZjdfNGU1UXRnNkZESlJVaEV1MVlwMVpYV05ONldEU0x1bGlfWndER1FqWlE?oc=5,Grande Prêmio,Pendente de validação,Resultado de pesquisa RSS; confirmar na fonte primária antes de integrar.
CAND-0361fb3e6f87,2026-09-23T07:36:11+00:00,pneus promoção Portugal Michelin,MotoGP 2021 – Miguel Oliveira analisa situação após melhor resultado do ano - andardemoto.pt,https://news.google.com/rss/articles/CBMiwAFBVV95cUxQQzhOMDZrSmF1VmlkRXNxbVh4MWFzdlpGUWI1akhWTkdyazk4eTQ2V3hmZ2hncVpkX0pabDJuOUlEaUZUa3NmdHY0a3RINDhMVVluNjJRdzdBR3dIbkRZQ1EtU2d1UVRzbXdpN1BJLUtKWGc4ajhxREFQQ2lfd1ZwQUFobDZVRDZlRVhVc05UUXA0ZnNTOG03dHpYSU5EX2NvVnBVOUE4YlRpeHpZYUYweENQQnBJSmZIZEdQY1FGbmk?oc=5,andardemoto.pt,Pendente de validação,Resultado de pesquisa RSS; confirmar na fonte primária antes de integrar.
CAND-2043d3312124,2026-09-23T07:36:11+00:00,pneus promoção Portugal Michelin,“Mas eles não vendem pneus?” A história da “chef” tailandesa que ganhou uma estrela Michelin - rr.pt,https://news.google.com/rss/articles/CBMizgFBVV95cUxPMHRPV1FPR3pPMFd6Z3VvbkNtWDgxRnMzMjFPaENTTFNxT01HVDNUbUVmLTVsTXJQODN2QkNCU0JmWktONktnYlZPaktEOFFIU1dIbGVxcF9uaUtSNk9FTlQ0SVM3SVQ2b1dBQ2MzR1ZKcW54Qzh6ZmZ3V3hHcjIxZDlDR2VoU1o3NVF1YktFSUFBTzBmdHc3WHZTcGYyUVFCSFhPWkh3X0hVMFh3cHJ0N3VhUXY5RXRXalVLbE5MdlpZcGFnTTFKeUdac1VKZ9IB0wFBVV95cUxQeDRZZzBMZHQ1QVFzOUp1dGNicmxKTVJkOFM4Y2lrblEzTjY2aUpuVkdxYTFxNVdqWm9PTDhheFktcmctUlVKVmY5NG1NYTFtbzR0NFlETVY1UF83VmlYckhvUjZxUWszVUdkNXFyalNobHNzU05BRE14bXhtenFXUDhhc1JyR2MteHlnbHYyZXF5QUhia295Q0xIVGM2SzBiSzlXM0V2RFlBVXhoX0diaWh4NzlCRy13a1RKOW4zZGVsWUx4Yi1hVThXY0RaSDktTnM4?oc=5,rr.pt,Pendente de validação,Resultado de pesquisa RSS; confirmar na fonte primária antes de integrar.
CAND-c44640c62a10,2026-09-23T07:36:11+00:00,pneus promoção Portugal Michelin,Portugal no mapa da mobilidade. Saiba os preços dos dois SUV da Omoda - Notícias ao Minuto,https://news.google.com/rss/articles/CBMitAFBVV95cUxQazhrY0pnY1lfZVNodEg2VmNsUERtVFZpdlllUjBPclBuWk9HdFNSMjA3U3FmUWRVNDllai1JcjJhbGRFLVNuWDdRbGJsU3lkSlQ2Si1OSzlXRXhkNEFWQkluWGpvNkR3VVZyTFBiVm5IcDNkM2g1b2hmYnNCajNENWlFbWVwTFFuZHBXSV9aOXNmaHNxRFcyNURzU1ZkSkR3cUJvM3dqclhXblNDZFVXcFVYeWU?oc=5,Notícias ao Minuto,Pendente de validação,Resultado de pesquisa RSS; confirmar na fonte primária antes de integrar.
CAND-406f4547df23,2026-09-23T07:36:11+00:00,pneus promoção Portugal Michelin,Da floresta para as estradas: Michelin amplia uso de borracha nativa da Amazônia nos pneus - CPG Click Petróleo e Gás,https://news.google.com/rss/articles/CBMifEFVX3lxTFBxMndtakg4RDh3SmtkOUtrczdRTFJvNDdzRVk3M0F0aFpLd1gzRFpCMnRjZmpFWGF0NXMyVnF5ZVZ6QVI5Q0t0RzFScUkyRGNJN1FSWV9mZ2hGUndKak5YcjdtSnQ1RElwYWJPZV9pNlRxLUdsb1B0ekxudVQ?oc=5,CPG Click Petróleo e Gás,Pendente de validação,Resultado de pesquisa RSS; confirmar na fonte primária antes de integrar.
CAND-a1a4ccf1eb42,2026-09-23T07:36:11+00:00,pneus promoção Portugal Michelin,Michelin inicia desenvolvimento de novo pneu dianteiro para MotoGP para 2025 - Grande Prêmio,https://news.google.com/rss/articles/CBMioAFBVV95cUxOQjRtcWJkS3ZLbEtuZFB5dXFlNGVSX1c5YnpvZ1dWQkp2V3J6WHREcTh2QmhGZ1o2QVBtM0NTVUpBd21fTkM2amI5R2c0WVlVLVNKYXNFMm9lQmpITzd2ako2dURjS29xTzl0cG9fYW9sWDg4MFhLVW1ralpPVEFqb2JCRWlfREsybkk4bjRRSTZoS0xWX2d1dndfS3gwMFlz?oc=5,Grande Prêmio,Pendente de validação,Resultado de pesquisa RSS; confirmar na fonte primária antes de integrar.
CAND-2b70e658b78a,2026-09-23T07:36:11+00:00,pneus promoção Portugal Michelin,"NEX, distribuidor grossista de pneus, chega a Portugal - fleetmagazine.pt",https://news.google.com/rss/articles/CBMiT0FVX3lxTE5BVlNVVFRDRzlkcW4wTmFkSnR3elFVV0s2X0tzQlJlSGlEYTc4anJCRmQ4a0hPNDhJUmVIdE4tNEVlcWZHZHdhU09xb1ZXWWs?oc=5,fleetmagazine.pt,Pendente de validação,Resultado de pesquisa RSS; confirmar na fonte primária antes de integrar.
CAND-c0cf5cc8989b,2026-09-23T07:36:11+00:00,pneus promoção Portugal Michelin,Honda PCX 125 - versão 2017 mais ecológica e melhor calçada - andardemoto.pt,https://news.google.com/rss/articles/CBMiowFBVV95cUxQMk1SX3dsX1RWb000VTV2b0dWRkN4am1Hdy1vRUNhRDFnbURBcDZRSTlXamdVT0xkeVdPbVZNaTNhczlLYk5hbjNEZkIxVExYSXh0Z3U0ZE5fYjlHdFQwV2tIT3lQMFJyd3JvbDJvYjJlM2hQUkxtY281MWFWMXFvbnBQQnllUkNSaW9sZ2VTTFJJRjU2dUI4OUEzNVIyS1hRdFpz?oc=5,andardemoto.pt,Pendente de validação,Resultado de pesquisa RSS; confirmar na fonte primária antes de integrar.
CAND-392e6189cfa5,2026-09-23T07:36:11+00:00,pneus promoção Portugal Michelin,Precisa de trocar de pneus? Estes são os que rodam mais quilómetros - foreveryoung.sapo.pt,https://news.google.com/rss/articles/CBMinAFBVV95cUxOdEVlT2ZTUzdPYUZTOG5HTmU3SHVKaHplTzN3ODJldElCX0JCWVZUbDFQSW12Q3ZMQzlFQ04tYkNxSEphaS1jRjUwSVNmQll6Nng5LTJJcWRtM2NuZTYxRGMxS3ZDMjhzYk4xck5rVWpmanhBQ1pya3A2czNGRzZfS0JHWXF1NUJMTkdmbDZrQjlHSlExOURyRnZmNG8?oc=5,foreveryoung.sapo.pt,Pendente de validação,Resultado de pesquisa RSS; confirmar na fonte primária antes de integrar.
CAND-0b24f7224c42,2026-09-23T07:36:11+00:00,pneus promoção Portugal Michelin,"Michelin vai fabricar pneu para carro elétrico no país, mas teme restrições a produtos 'made in Brazil' por questões ambientais - O GLOBO",https://news.google.com/rss/articles/CBMi-wFBVV95cUxNVG90Yzl5VU5WcUMwenRySlZDVF9kekZUM1ZjVjQ0LVUySUtVNktRSUN5SjVEYjIxUDh6QldaV2RGVW5Hb2dhWEFlNFhsbW92QllRSl81UldiN2J4NjFrbEdwVVNJSDlEdTl3M3FhdUg0M09mc3N0blprYkN6bG9Sa1pDb3RvbmNYNDJaaUVMZjkyWlpFNWpnWmVqTzlaaF9DOW1McjdZUk5oX3Z0RkdnenJtMUVoLU5kSTZJdnN3bEdXbi16amtKV0JqNzV1b2czbk1UdzBqNWNUbXNHT25xRDJYRnd3Q0ZhNXQzNmw4LTFVbzRpR3paWUphSdIBigJBVV95cUxNY2tEUzY3WUVXVngzcVA2OHNvYXoyVnAxb2I0SGR1WkVubVNxTEk2d0h0djh3WUltb3hzV0VpY0FVQU5qbkNtT3IydjZtaVRMV1pDbGVGc0w5OU5Sd0RDODBsV3gzN3hZREZYc2dWdUZ3VFVLV18wZks4bFNtSHU2a1ZGdk9aOVBSOFFOSWRCQmFrdk9fbFFDbHZsOS1peWVzRUlaT09Scm9mWjRVZDI0RUR2YWJ3R3ZHTThYZEw0dEpfNlp5SVJsd3JxX2UtTjhnRDJiR0JfZTNDV09DcE5qcF9kYndjZ2ZXYnU3YldhSS1UYllTN1NqU3lqR1pDYUNqUS1NdTNYNENJQQ?oc=5,O GLOBO,Pendente de validação,Resultado de pesquisa RSS; confirmar na fonte primária antes de integrar.
CAND-649f9f040266,2026-09-23T07:36:11+00:00,pneus promoção Portugal Michelin,Empregos em Luxemburgo em fábrica de pneus: salários médios de € 5.000 euros - Vagas Pelo Mundo,https://news.google.com/rss/articles/CBMihgFBVV95cUxOY3hOdVp3MkdvakNQem9RTEthdTV1UU5hcXZuaUljTHBkQVpoMnViQV9rZGg1TFprUlM0NVZ1WnJyTDA0TnpOeU1lblFubFNDSklseEdVVkxTa24wWWI5NnR5VVBxLTRDbmx3Ri0xYVFjMi04WkppWVQxU05PSndPWmcxdzZzUQ?oc=5,Vagas Pelo Mundo,Pendente de validação,Resultado de pesquisa RSS; confirmar na fonte primária antes de integrar.
CAND-21c0a97779fb,2026-09-23T07:36:11+00:00,pneus promoção Portugal Michelin,"De olho em sustentabilidade, Michelin anuncia pneus sem ar - Globo",https://news.google.com/rss/articles/CBMiqAFBVV95cUxQdVdsMl9MMndEZ01MMFRuWHRPNjJhTGpZMWdpTlQyRmZDOXFXZzVXaFplU0FmTUZnaVZUVFNSMEw2RzFsVUVWT1NzR0Z5YTYwUGV5N3hFSXNmM3FFUW9NY2ppeXF1Qk5QQ29tZEZYT2RoT3A4QXFPU2Q0T0NVX2dyTUpmeHNOd1dIcTdnMGtMMGhPNjBKWUx1WUg1dVFCV2ZTcmdGUE9WczDSAa4BQVVfeXFMTkd1RU9lWUtfWmt0Y3BrR3B1cmkzNFM1T19sQlNxMVNFMGZEMTllcV9DWGZMLUI0anZjTGtXb2xsMTlRZEkxS3F6R0dtZUNFeTNJUXZ6NDVGZ2UxMldQVUtMUFVWM2NDcnhaajhrdnZPeHlBN3Z3MlRaYXdzOTVrMnV5MjF2YWVWR3hNYUFSdlM3b2htdnBNMTJVMnQwTjZHLWtyOHA3X2JwLWZoVnpR?oc=5,Globo,Pendente de validação,Resultado de pesquisa RSS; confirmar na fonte primária antes de integrar.
CAND-b4d87425e093,2026-09-23T07:36:11+00:00,pneus promoção Portugal Michelin,Pneus não deixam Bugatti Chiron atingir 450 km/h - Aquela Máquina,https://news.google.com/rss/articles/CBMioAFBVV95cUxPNzMxNWJDRHpHaGptUE04SFlGTFBsdk1JUjAxWXFGZmZMVUhQSnFRbEhVOUV4enlsMjI4cThUaDhld0phV1pUM1VkcWdPdXAtek01QXZGNkdEdEkwN1NBb1BiMzloc09uS2xTNTg4TWdraWxZVnM2a25PeWdNV3FSOFRNa0NEVmdINTVDaElQdnJMUHBXMW91RlpMU1AtQ09O0gGbAUFVX3lxTFBHNXdWeFc1LUVaYmkzVk9sODh1ZGxKdk9CRUdhZlliMzVYT0xQUzJsMThxZ3dweFJBZGhkb2YtRkxIYmFFYVJMbXFaZnNETlVXUXdqcU5iRUNWc01ZclJoZWs3QzNhc091Ql9HTUM5V0kzUEVBanE2UTg0R1JwZEw1SWJ5QnhncXhhUEZQMThNZ0JGMC1WNWNrc2FF?oc=5,Aquela Máquina,Pendente de validação,Resultado de pesquisa RSS; confirmar na fonte primária antes de integrar.
CAND-b2323e19251b,2026-09-23T07:36:11+00:00,pneus promoção Portugal Michelin,Michelin fabricará um revolucionário pneu sem ar - Highmotor,https://news.google.com/rss/articles/CBMiowFBVV95cUxQY0praXhrTFRkVHBvY2lUckxNNW1lWkhGUHNRNWpvamdWZlk2eENrRy1xVy1FUGQ4RC1JS3I3UkpxRGhFY0FpNWZSbFJ4Ym05RjVtRUZDUmFHUU04Qm00bnl0R2NpSU0tRzF2SzZrdW9SYmhBRHNhbndXQUc2OEhXam12aVRjcEpqOWJiOWJDT0FhMmpwMTB5VnljRzRJbEVzZ1hF?oc=5,Highmotor,Pendente de validação,Resultado de pesquisa RSS; confirmar na fonte primária antes de integrar.
CAND-78bf1124c456,2026-09-23T07:36:11+00:00,pneus promoção Portugal Michelin,"""Pneus serão determinantes na nossa estratégia"", destacam tricampeões da X Rally Team | SEGS Portal... - SEGS Portal Nacional",https://news.google.com/rss/articles/CBMivwFBVV95cUxQWXpnVG9XS195Ul9RR3RQYmxPc3BMdC01QTN4c3VtaEVNbmR1bE5lMGUtLTA0QzJwSUtuNFdESkNFOE0tOENDMUw0bHB4Zm96c2FsS3AyY0xLRFJZeXd4Q1VCYTFhM3ZNVkdmeWtGMUJwU2x3OGZnWkNUYWhQR0ZWM3phUC12V3FTbXBMbjFEekFUX3BETzRMazlXZFFZMHhZeV9UTGdSQk0tQVk1Nmc4NlVtdkhWNV9kSnp5dzJLVdIBxAFBVV95cUxQdWpYSXh4cDZkTW9ESk44Y3pUc2FRZlRMMTVjN0tPQkprc3A5TU9pZzZrS0xsLTdlTXdkcUpib1BWTmlHb2U1RTdFQlp6aEJBMzJEdkJyTVpmSWZLQXhUTDFyR2dFT0V4emtkN0ItT2tPNVd6MFRmTllHaWtUOVNoNVB0NXQxN2R5LVU5dDlhZjJTNDd4Z2dhNW56SDlXNFh6cnNBVlVGQWJKTU5KS3lzWHhmUEFIay1LekZqV0Z1Wk96X0xl?oc=5,SEGS Portal Nacional,Pendente de validação,Resultado de pesquisa RSS; confirmar na fonte primária antes de integrar.
CAND-3d67c92b957b,2026-09-23T07:36:11+00:00,pneus promoção Portugal Michelin,"Há 10 anos, ""guerra dos pneus"" culminou em um dos maiores vexames da história da Fórmula 1 - VAVEL.com",https://news.google.com/rss/articles/CBMi5AFBVV95cUxOMFpMSk82UlZQWkhDb1BLS3hmSG9oOWo3WFduMm9aZ01KZ2Z5MVNOY0ZaUVI0SXZxMzZGS0hSVm5EeWtfN29BWlB6UmszRXQ1SEhUSDRwQy0zcVktVExFeE1TaTROUC1qV3ZrTFY0ZzJwVk1tZHN0bk43aG1MNXNpN3JCQjRQam5JSlZVbnY0dGZQLXRYSWs1TEF1bVFIZGNjSWVOTmdHamJxeThVY20yZ29INVlGZnQ0ZjE4SWFjLWJVRnlSX0JJVmhLeWFnN1dQdC1LNzRIQXA4YVhJTm9KNTNoeHrSAeoBQVVfeXFMUDBLZTJ0WFZnUzd4YXdHeF96OWN3ZVhzcGNkSGJhVjdxSGN1bF9IXzN4LW5mWTFMUkRYam9MRm1hYzZUM1F3bkMwRWdiNWo0YTZrMGtsN1JLRFdVY2ZKcE9qOXRTcXF0WEM2V08xNDYyZVJmSjV2bG90RVhobGtnQzNVT2RXX2ZGZmFLNVpWdTR0b2J3a0dLd0RRQXRRdThLaUNxZklIQldHQjRJT1M0cTRxLWtBTV9LaXBCU3F1Y0J4OTNGdUtfMjZfaWcxQnlDTzQxOVpwMmJNSzk1LVRlOE1RN3l6dkQ0QmxR?oc=5,VAVEL.com,Pendente de validação,Resultado de pesquisa RSS; confirmar na fonte primária antes de integrar.
CAND-5c49f755c38e,2026-09-23T07:36:11+00:00,pneus promoção Portugal Michelin,OS ELEITOS 2016: PNEU - Quatro Rodas,https://news.google.com/rss/articles/CBMid0FVX3lxTE5TbDM4NmhhdkxXY0M2eUxKbFkyZi1HeWFWVERERTRYMkprM2lfcFVLT05oT2lOLUl3bjhuUlhTRVRfc3RWd1d6ZnJxUjAwRU82MFF3Uk1fd3QyWWZfeWxEMVhmMXlEZjR2Qk9HM2tNbFdOeF9UWjdN?oc=5,Quatro Rodas,Pendente de validação,Resultado de pesquisa RSS; confirmar na fonte primária antes de integrar.
CAND-b5429bd768cc,2026-09-23T07:36:11+00:00,pneus promoção Portugal Michelin,"Fim de uma era! Michelin, gigante dos pneus, anuncia que vai fechar sua fábrica e centenas de trabalhadores ficarão sem emprego em cidade brasileira - CPG Click Petróleo e Gás",https://news.google.com/rss/articles/CBMikgJBVV95cUxQdUZHUXotVjBFbVNEdGNvUmtjZkNsN3BIelkzWXJFUDZuUU5HMDBMbmRLS2tTSzBGQzFIMzE1MUZQdlNtdDRPSXl1QXBTbkM4aDZ1SEpET0xYanlvMW93d3QzSTQ3dk83bVRlWlgxMG9DdFp3NUVGdzd0VExxS1dSOGNRd1BBZ3d6MmNpaWh2Rzhma3JILUlJQVlBLU9BeWJqLVVHdXAzMVFyenM0eVhvMzBYWlN3ZDFRQ3ZsYUFNQVduWG5ITGluMnRzaGstaHpQek5kak1YUHh6dGI0ZGp4SjNLOWxwYnlBX1daaXhhMUJkYjZUaHl4cENfYWp4d1pvQXg0SHJiZTRFbTg1T1VQbS13?oc=5,CPG Click Petróleo e Gás,Pendente de validação,Resultado de pesquisa RSS; confirmar na fonte primária antes de integrar.
CAND-9ff3f632eaa8,2026-09-23T07:36:11+00:00,pneus promoção Portugal Michelin,"Qual pneu realmente dura mais nas ruas brasileiras: Dunlop, Continental, Bridgestone ou Michelin em testes reveladores? - CPG Click Petróleo e Gás",https://news.google.com/rss/articles/CBMi6wFBVV95cUxOMnlmbWdRTzg4OWtyNzIycjRzclBTZnVmVExSdC1iS2VkNk0zX1NnQ0xqWDhnQ3NhVnJycWxLQ2JuS0g4Qm9iTFB2OU11cU5tVWlzbnM1LVhNYVg1NGc4N2FiWTFqZWFLbXh2VGV2cXAxbDY5OEtjNXF2bTFBckN6VkZQUHp0WEQzcFRsQXBoOWtoaTRPUWFXU0t2V1lnamloNVhMTWZhbW5GSkpxOXhFcC0wZWpwWU4ydFFRbmhKUlY1Y3oxNjNZOVE2cENCZEx3YlBJaU1xWWVRUjF6Q0s2UGI1WWNOTHhrMmJv?oc=5,CPG Click Petróleo e Gás,Pendente de validação,Resultado de pesquisa RSS; confirmar na fonte primária antes de integrar.
CAND-c0b1c78c59da,2026-09-23T07:36:11+00:00,pneus promoção Portugal Michelin,"Pneu X Works Z, da Michelin - Tecnologística",https://news.google.com/rss/articles/CBMinwFBVV95cUxQeEFYTjFXYnhmeTNtazRVT2xBeDdheFFabmFoaTU2cWdDMXA2TzN4SU5fZWRtcUZMbEI3MTBaQUdyeFZOc3lONFFjNXJuRS1mQ2JNdTZoUU5RQXlIUGlqbnAtbmd6STR5dmtuYWJQOWRTb1VXZlFMdWVWODVDZWg5RFNxZ2gzMU1iWFhzRGxNc3ZWeFhYMFRSUFl0T0lpZDg?oc=5,Tecnologística,Pendente de validação,Resultado de pesquisa RSS; confirmar na fonte primária antes de integrar.
CAND-5dff25aefd9b,2026-09-23T07:36:11+00:00,pneus promoção Portugal Michelin,Os melhores restaurantes do Porto com estrela Michelin - ncultura.pt,https://news.google.com/rss/articles/CBMigAFBVV95cUxNRDkwRGJuT3dJOVBHb3U0VVNoVGFmQjhQWG90OE4xeF9jQ05sRWtUR1BCb051X1ZvODZJblk5Mm9lWkpHaC0wWnZQb2tuQ09XOWhZTlRSdTNyWnJyMWhkWXNudHBXRXM0aXFGYTI3NnFSaEtMR3ZwTVhYMU1uV0tQNg?oc=5,ncultura.pt,Pendente de validação,Resultado de pesquisa RSS; confirmar na fonte primária antes de integrar.
CAND-1131ea60c341,2026-09-23T07:36:11+00:00,pneus promoção Portugal Michelin,Marc Marquez e Francesco Bagnaia rejeitam a desculpa dos pneus Michelin após dificuldades no GP da Áustria - Motorcycle Sports,https://news.google.com/rss/articles/CBMi1gFBVV95cUxOdjJrNHpBUHB4SnlRY0hiTWVqYVpVZmxQUTdIVkV4R1BnOE9zYVVxbGpfZEtYd3JPY2FISDFiamtDc3dlNl9BX241VlBpa0dRNTkzRXdsRHNReVlXYnNMdEV5Q1l1dERmQUIxc05qX09nQjJybFZ5OHRydU9oX2FIX1BfLW5jbnhEU2tDUzVYelBfSmNCS2FWRXBZV2ZJQkp5dzhVQ29BY284clphSjNaQzVuamxHOW9ReDNBdkJ2Snhiamxza3lEWGNWbWxDWlNJbEhzR3dn?oc=5,Motorcycle Sports,Pendente de validação,Resultado de pesquisa RSS; confirmar na fonte primária antes de integrar.
CAND-8c0ccfa2d532,2026-09-23T07:36:11+00:00,pneus campanha Portugal Pirelli,A Pirelli completa o teste crítico dos pneus MotoGP de 2027 com 18 pilotos no Red Bull Ring - sapo.pt,https://news.google.com/rss/articles/CBMi1gFBVV95cUxPTkpUWGtTS1dFWU1jYlVhYU5BUEtQV1JCNHRDelIxYXNiLXdUczE0S3JJdjlQSWdQZVRDa0VuVU5QV2FFZVBsOVZIMlVrazl4Qk85dVZVdlZEZm9OVGhVZFdWbEUwRS0xSy1VTEwzYzV4a3g4cjVsVkNLS1gyRFZhUjRNV3UtYVpKREx1M2J3ZFRwRW84UGFtRkliRi1PamEySUtCM1RIcGxMZ29aNkZSMGFDcGowNXJRLXNjM0RsZGx0Q3ZvWWNxOWtZUFV5YXQxY2hTaXl3?oc=5,sapo.pt,Pendente de validação,Resultado de pesquisa RSS; confirmar na fonte primária antes de integrar.
CAND-44add3eb9fae,2026-09-23T07:36:11+00:00,pneus campanha Portugal Pirelli,"F1, Pirelli define gama completa de pneus para Spielberg e Silverstone - autosport.pt",https://news.google.com/rss/articles/CBMipwFBVV95cUxQYkIwUlZ2T0NWMDJRbWg1S2dRbU5xUEJYWE5pcEVIeVZqYTktZVBMUFZRMFlURi1VdjBXUjVnRlVCWUNRb0c4MDU5enoyaXIyS1Vua2U5ay1VRkZkUVo1NFVSaTNGdmJvQnBLLWZSZk9KUnlHRk4zTEVjUjRBVHBBNkFBMFpKT3E2LUxfaXZ3eGR4ZUlBemd1b3p6dnBzSGR5VW42NVJfRQ?oc=5,autosport.pt,Pendente de validação,Resultado de pesquisa RSS; confirmar na fonte primária antes de integrar.
CAND-30c4ef08fd04,2026-09-23T07:36:11+00:00,pneus campanha Portugal Pirelli,Pirelli e FIA anunciam duas paragens nas boxes no GP do Qatar - DAZN,https://news.google.com/rss/articles/CBMixgFBVV95cUxQenlQMDdqR1dfcmZxSl9LWGRXZTB5bXVKdmpDN211SVdKT2haUWZVVkxkWXVTXzFmQkJjcFpZbjlSUjVjLWRkQTRUY3c2dVRCaVdYUFl5NFJrR3N0ZVYxdHBJc0JZTTd6RzItMHhIS2RrcmE2UUFTNlhkOFRYaGhGQ1l5TGd3eG1qVEN3Q2Y5NF9hQjBMbzZ0NWpQRWRDMXYtbGRLSEdTeDJaQ09tcjEyN0lfSEV2dlo3ZzJCbzVHem5pU3lteUE?oc=5,DAZN,Pendente de validação,Resultado de pesquisa RSS; confirmar na fonte primária antes de integrar.
CAND-2f5e17f00825,2026-09-23T07:36:11+00:00,pneus campanha Portugal Pirelli,Pirelli equipa novo BMW iX3 com pneus P Zero de última geração - Revistacarros,https://news.google.com/rss/articles/CBMilwFBVV95cUxNZzcxaGFHb05rUkNTOW5TV0NEcUZlSF9ZV21ZWEc3YW41akY4SUlma0tZZGlKb3MyQXFKWUoyZEpJbEptYXluYy1CSWdBNjBQclZDTmZISHpNeURPWGR1Y0xRajZ3amMySnJIVEtNXzR1NkpfZkNueFdZRF9TdlhDQXMwdWNkdFY2ZDMzQ0R2VmhKR3VDazVV?oc=5,Revistacarros,Pendente de validação,Resultado de pesquisa RSS; confirmar na fonte primária antes de integrar.
CAND-210a79554a23,2026-09-23T07:36:11+00:00,pneus campanha Portugal Pirelli,"Dois pneus Pirelli P Zero à medida para o BMW iX3, ambos com tecnologia ELECT™ - automais.pt",https://news.google.com/rss/articles/CBMirwFBVV95cUxNWjkySXNxQTYtbEdVT0o1VlNNczdSSldKZUl6UkEteTJ3dTNXNk5rWGlIdW1feXo0QVZTZ1p4dHRYVWxEbXJkM3lKRjRpc0kxZ0JJSDhkWXR0OFBSSF9CWklHdWNHQ0JhWENtYjFTQU5IbHpTU1lDanhJN0VENkdrQVgzdzZsQ0hvUE43c2FJNWljUmVTUldwVi1zM1N4VVBsOE94QlR5eF83dkhhd2J3?oc=5,automais.pt,Pendente de validação,Resultado de pesquisa RSS; confirmar na fonte primária antes de integrar.
CAND-10781796ab65,2026-09-23T07:36:11+00:00,pneus campanha Portugal Pirelli,Hamilton e Leclerc participam de teste da Pirelli para pneus de 2027 em Ímola - Boletim do Paddock,https://news.google.com/rss/articles/CBMiuAFBVV95cUxPQ29IVnhTQTdDWVZKQnZfeENvdjNlUS1MZ0VPSHI1SjgzVDRnX1pFbFJLWXJRbjNZUFVSTVd4aWRyV2dvYlFxblp0M1hlNEMwTllLX0ZDaUc4RHhON3ZONXRsV2tSNjBJY2xwSS1uZHBqck1LbF85TmFqZW9xVUpYeGN4X1lxT2dHMEJXZmhQamNvX0xuWHJBQXVBc3NRVjFKdU5reV92aUFjTEk0LXBCNjMzWXR1R3p1?oc=5,Boletim do Paddock,Pendente de validação,Resultado de pesquisa RSS; confirmar na fonte primária antes de integrar.
CAND-0952951acdf6,2026-09-23T07:36:11+00:00,pneus campanha Portugal Pirelli,Pirelli adianta seleção de pneus para GPs de Mônaco e Barcelona da F1 2026 - Grande Prêmio,https://news.google.com/rss/articles/CBMimwFBVV95cUxOU1ZINEV2N2k1R25XZzQ3bkxLNzdwZjJMbVpQVnhaRDJ0RzN5UEswSGZOa0ZVeFFZeGt3bjIxa0U5SkFCejFicFo0S2tLZGlyTGhabTk2a1pEbnNEYlF1RDAwVXB6M2tWamNtTXl5aXpUMHFNVWU0aWhyOEZ3dk5TODRnOHp3LTRMeWNXc18xWmVZNnVfUDFmSjZKMA?oc=5,Grande Prêmio,Pendente de validação,Resultado de pesquisa RSS; confirmar na fonte primária antes de integrar.
CAND-909471371ac7,2026-09-23T07:36:11+00:00,pneus campanha Portugal Pirelli,Pol Espargaró alerta que os pneus Pirelli vão trazer uma mudança brutal ao MotoGP em 2027 - sapo.pt,https://news.google.com/rss/articles/CBMi0wFBVV95cUxQT1J1WlNMQmxZZUw4a0lXeFdVLUQ1LXRvbHYxV1Z2RjVPVGc4djNxNTRKYlFFZ1BaRThtRWZ2Z3NWSmgtRG4xbFRldktNVHpvTFdwZlZ3MVBIdTNVYnRWQnB2em1lRE12SjRpemdxcWctYnpJVWhuRC12cGgxeHY3RVBfZzNKTk5yWWhzc1o1MjBGOFN2eWh2NVpwaGpGTldhNGVVbVdXOHlLMm9iVmVkbWdERXU1ZXpRb0RkZndZQVBQN1F3dHo5Y3RiaG5kVnlrXzFV?oc=5,sapo.pt,Pendente de validação,Resultado de pesquisa RSS; confirmar na fonte primária antes de integrar.
CAND-42f0b829d936,2026-09-23T07:36:11+00:00,pneus campanha Portugal Pirelli,"MotoGP 2026 – Revelado o calendário oficial de testes para todas as categorias, incluindo os testes com pneus Pirelli - Motojornal",https://news.google.com/rss/articles/CBMi0wFBVV95cUxQTFVzcWRLRXB2anBTNzdDYkxJeTlacGFkSXNvSjFiSk9iVWlRY1c1UzhrVXRfYlk2ai1pOVQyckxMWDN3bmlwUmF1a2EwdG9ZNmQzalc3ekp0NDVpQTVjOXhYbEJpTnM5a1k0ck81X2pHUnFWNzc2dmowQVBoMzBuRGJISUpmbl9JM1hFVVVrU0V0cXliTVhoNGRCYThJMFNrRmxZSUNvallydnVGX3gyTVc5Uk1VbjJTRFJyXzcxWndTQlloemVzMU1SY05wWEhGTTNV?oc=5,Motojornal,Pendente de validação,Resultado de pesquisa RSS; confirmar na fonte primária antes de integrar.
CAND-3070a542a644,2026-09-23T07:36:11+00:00,pneus campanha Portugal Pirelli,WSBK:Pirelli introduz novo pneu traseiro para melhorar desempenho em corrida - motosport.com.pt,https://news.google.com/rss/articles/CBMitwFBVV95cUxOb0szMVNWNjFYczdLelU2R3pZZ1BNTndlU2hSdzNzV2lrR3NrQWJpanplTVNGaVNPOVZ3VTN3QkhHSjhyV3lTbWZZSWZmQ0duZUxRR05aazlnVmo4ZTVrX0IxOEVRaHhOZzZsRHFiRWR6aDA1bVhhQS1GZC1ubEFhOG9NTVNNS2lxOElGZUhJTEFNRkYwcU9fckpYcndkUm81TFNPaUlvMjVQZ2VCbjZObTJoN0R3MlU?oc=5,motosport.com.pt,Pendente de validação,Resultado de pesquisa RSS; confirmar na fonte primária antes de integrar.
CAND-c54b0af705bf,2026-09-23T07:36:11+00:00,pneus campanha Portugal Pirelli,Pneus Pirelli para ciclismo – Novo importador em Portugal - topcycling.pt,https://news.google.com/rss/articles/CBMiigFBVV95cUxOZWhtSUVncTVJNW81andDcGo1WjVFMGdMN0NSTHJXal9FSEJJY29INml4M3VPc204ZkxnWk1VOVRpNzFmdTVBcjhXcVp4RElJM2ctMlpYdDlYUnpTd0ctdWgzRnBQNlY5SEZyeGFfMjRvMEZ4eDNSbDFrbDdtZURCRF9aZ2tyUWJPOGc?oc=5,topcycling.pt,Pendente de validação,Resultado de pesquisa RSS; confirmar na fonte primária antes de integrar.
CAND-9b19c1fce6ac,2026-09-23T07:36:11+00:00,pneus campanha Portugal Pirelli,Prometeon lança marca própria de pneus de pesados - Revista Pós-Venda,https://news.google.com/rss/articles/CBMiekFVX3lxTE5RT3dLSTlLUkNLMHQ4Tm4wS3VOWU84SXF3ckQ3OEs3VG1iTWEzb2VVVmlobmwtcXliMzVISDlMNk1HS1E5OWM5aHhXc2JjM2NSNE5fc3ZTbERYU3NZazlkbzN2U3RXTmg3T1VnaGl3RVNHVFUtZ1FZSEpB?oc=5,Revista Pós-Venda,Pendente de validação,Resultado de pesquisa RSS; confirmar na fonte primária antes de integrar.
CAND-d4bae01f0c32,2026-09-23T07:36:11+00:00,pneus campanha Portugal Pirelli,O admirável mundo dos pneus no WRC - WRC Vodafone Rally de Portugal,https://news.google.com/rss/articles/CBMib0FVX3lxTE81RDhMbm1kNWlLTXQyOG9JbUprWDdHaDNMamY0ZUNKZzNyS0YzOU1yNFE2QXFZYkNTY3hzQlhFVmF5d1BHb2JxSldlZEh3OEgzYU5tUjIwQVBudkU2LVJDZkRMS05vMm9EUmcxRGQxUQ?oc=5,WRC Vodafone Rally de Portugal,Pendente de validação,Resultado de pesquisa RSS; confirmar na fonte primária antes de integrar.
CAND-f9dc24e67477,2026-09-23T07:36:11+00:00,pneus campanha Portugal Pirelli,Novo pneu Pirelli Cinturato Gravel RC X - Mountainbikes.pt,https://news.google.com/rss/articles/CBMilgFBVV95cUxOSmk0Q1A0bVYtTHQzZl9lNVkwSFg4WW1tam1PLVRZRjVrclZFV0Q3VUx3Tl90TUhjcFkyVkxWVFV6OFdTeXVhaE83WmlVYkZNb2tpM0dTZHJ6cGJBMDFiU0dhbFV6VEJmWmVvYW1iZmVJLW92N1BLeG51V0U0aFo2ZFE0a3A1Rnp4LXVJTC1oWlVQd0lfZ0HSAZsBQVVfeXFMTjZ5WjRuX3I2cFZ0VVFOU083S3k5eU5nUktYanRKLUpwYkIxRWwwU3dZUHpZc2dZWl9XTjRLTmZzbzZDZTcyOXY4YzFjQzRJYjNsNXZEa1ZxVkh6bTdOZXBFMy0xQUNOcFN5bW53bWpJMWVwUS1VQVpEMENfRDBGX2VWVW9UNXFlQ1lBQ1NvZVhyRXNwRHJ4MjNtQkE?oc=5,Mountainbikes.pt,Pendente de validação,Resultado de pesquisa RSS; confirmar na fonte primária antes de integrar.
CAND-844919cc00d9,2026-09-23T07:36:11+00:00,pneus campanha Portugal Pirelli,Mabor lança campanha “Vamos pôr Portugal a Andar” - revistadospneus.com,https://news.google.com/rss/articles/CBMilAFBVV95cUxQSGdRWHhCcnA3b3lvVE1aN3NtSkdtTDcyMHFraFBFc3l4R1daRUl6RTM3TUIxYnFReHFJVUN4dk9yX2ltWU8xVVk0Yl9oaFpVOGM0cnA5Y3R0ZEFIdjFMT3U0c0ZFMDRoOFM5RUFNX1JjQ2M3UFNHcHBLV0ktcDhLXzRrZXF3RzBtUUpma3FGZTdFbFlq?oc=5,revistadospneus.com,Pendente de validação,Resultado de pesquisa RSS; confirmar na fonte primária antes de integrar.
CAND-60e1a3f5ca1b,2026-09-23T07:36:11+00:00,pneus campanha Portugal Pirelli,Pirelli lança inédito projeto circular para transformar pneus velhos em novos - sapo.pt,https://news.google.com/rss/articles/CBMiwwFBVV95cUxPaDJwX2lqeUo4clFwWGFMQjhNQTV1WWdKMVNwRDhaTVJNRnMwVldRcHhzdzBkTkhBcmw0MmVTanFGb2tiV0xHb2RRdWgxUFRuYXZvblA0Z2lJX3dTUVJMU2g1anEzWDRadVNFT1FoakRFNnVMOG5QNzdLWXBPcFdTLXgxZExNbzN2TXU5MlR5Xzl4c0R6Y0VmV0F6ZldoaEJ4MnZkY2xBRDlPMG1BVUZZdDJhMzVCV1BPTkNENnNRTXdmZlU?oc=5,sapo.pt,Pendente de validação,Resultado de pesquisa RSS; confirmar na fonte primária antes de integrar.
CAND-a26a6ec1b488,2026-09-23T07:36:11+00:00,pneus campanha Portugal Pirelli,Pirelli confirma número máximo de voltas por jogo de pneu em fim de semana do Catar - Grande Prêmio,https://news.google.com/rss/articles/CBMinAFBVV95cUxQNml6RWl1VnQwdHJ1Y1gyaTJybVF4ZmRUQkRLVUlzYlhUQ0taWDcxVV9QWVN3UEktU25qQmtDNmlkVTFTbm91VXprc3llekJfYWtpUzRlN2NzSXNRTG4ybHh5T2xGREc0azFNbjQzbUZTWU5Cc3RicXY5Z1lkQXo0NHplaWdFSkVheGxzQ2E1TkdLa1ROZUZfV1ZfSVQ?oc=5,Grande Prêmio,Pendente de validação,Resultado de pesquisa RSS; confirmar na fonte primária antes de integrar.
CAND-585181883cc3,2026-09-23T07:36:11+00:00,pneus campanha Portugal Pirelli,Pirelli P Zero E vence prémio “Pneu do Ano” - revistadospneus.com,https://news.google.com/rss/articles/CBMijAFBVV95cUxQNzVyZkViZ3FZYTZ5YzluR3BBdkVRWkRHUkNGR0g0WFd4VFFxY2J0cF9ad2pkS3hmU0lOSG5rSE92RVJVSlh4X3RsSi1NRVFQUzRvMGljQzBzN1BGQUJlZURfTkthd29ZOTdRVHlUS25zclliOTRQc290aUQ3bGxzTEJScWFXOV9FNVFHbQ?oc=5,revistadospneus.com,Pendente de validação,Resultado de pesquisa RSS; confirmar na fonte primária antes de integrar.
CAND-706dedd51a41,2026-09-23T07:36:11+00:00,pneus campanha Portugal Pirelli,Pirelli equipa Porsche 911 - revistadospneus.com,https://news.google.com/rss/articles/CBMieEFVX3lxTE0tTUV3TEViNXJ5WjlBb0RIUzZjZGFXcVpMeGg2amVldW82cDZnMXhrd1JGMlVUNEMzbWliRDZ1NnUwOHhQanpFYUlBT3VwZlB0NmxYM1kwbXZ6NU5KMkMxMmVUcXB0Y0FFTWhJbkt0bWdqUXM4LTlWTw?oc=5,revistadospneus.com,Pendente de validação,Resultado de pesquisa RSS; confirmar na fonte primária antes de integrar.
CAND-f8c695d7dda2,2026-09-23T07:36:11+00:00,pneus campanha Portugal Pirelli,MotoGP: Toprak admite que pneus Pirelli podem não resolver o seu maior problema - motosport.com.pt,https://news.google.com/rss/articles/CBMitwFBVV95cUxQSHNuc0JaUkMzREdxbEgwTU5yRGRlcFlXcWpsSllfaUJyV3NtZlJqdm41cncyS2JZLUhvXzBXT245S3NJSFZCUm1CTkVNMVBDUTNSZUFQVkttbmNTZVFZVlQ3amlxdkxNdlhJSTZCNUREUjZ6SXFRR3lSLWIzS2lEUjlRbUNSeGU3cFNpTEVQQlBzYXkyby1kcC10SktaenlObkhvS0pkZnRWTUFtODZGM0M0eFVnbWM?oc=5,motosport.com.pt,Pendente de validação,Resultado de pesquisa RSS; confirmar na fonte primária antes de integrar.
CAND-ebe3cef04f88,2026-09-23T07:36:11+00:00,pneus campanha Portugal Pirelli,Pneus Scorpion “brilham” na estreia no Rali de Portugal - revistadospneus.com,https://news.google.com/rss/articles/CBMinAFBVV95cUxQM1IwUlNSODlSazVWTElyMlp1Tk1OTUNsQS0wTzdiaVhBb2xGMWZvSFR5SzZZNF90VmJyUmphM0p0X3ZVazRwVGNjLWs2NFZlWGk4SGlVZGt5blNrQXE2LXhKVTNCZTZVdFYwQ0lUTTM0NVVDdG1DMUtYUHJ6bllrU0c2NnBUTEhFeFJ0M1lrRjJJUTd2dE1wV0NDdGw?oc=5,revistadospneus.com,Pendente de validação,Resultado de pesquisa RSS; confirmar na fonte primária antes de integrar.
CAND-d1efa2173321,2026-09-23T07:36:11+00:00,pneus campanha Portugal Pirelli,Pirelli Scorpion MS All Season para SUV’s - revistadospneus.com,https://news.google.com/rss/articles/CBMiiwFBVV95cUxQRjBXQ0ppZDNFUmtMQ3UzUUg0Y0dYREdSeXo1NTVxczl2OVBlemN1Z2NfalVZSW9CSDliZk1rSDRvQnhTcUNqUnNGdDRPeVZWNjIyRGVjRUQwdXBZVWNZQXJaOFNoaVl5MThIcDF5R2d5cDdWbndCd0ZsTEUzZTc1VTkwcjV2RmtiVFJN?oc=5,revistadospneus.com,Pendente de validação,Resultado de pesquisa RSS; confirmar na fonte primária antes de integrar.
CAND-999d252aa1c5,2026-09-23T07:36:11+00:00,pneus campanha Portugal Pirelli,Novos pneus Pirelli Scorpion Trail III - andardemoto.pt,https://news.google.com/rss/articles/CBMiugFBVV95cUxOYkVTT2R1VHlBTVFpTkFPdFV2bE55V0tXM2F1aGRrdUswUF9xTmRfcnAyck9ZekFSSG54cmZkUExuUl9oT1cwYXFFR0ZlMWk5UjlQQ2dwSjJnS2VjR1N4NjJWd1NXQVJPck9NZG80UFVGc3RoeEQ1aHNSMDRYc1ctVXRDcUp0bFl0dEZmeS1WRTBvR1ljN3liOVYtTTh4Q1Ftd0VMQnFkZldRZkVDSUFWcmlFX2U3MndwdXc?oc=5,andardemoto.pt,Pendente de validação,Resultado de pesquisa RSS; confirmar na fonte primária antes de integrar.
CAND-6364ef051563,2026-09-23T07:36:11+00:00,pneus campanha Portugal Pirelli,Testámos os pneus Pirelli P Zero Race TLR RS - Mountainbikes.pt,https://news.google.com/rss/articles/CBMipwFBVV95cUxObjY0Y0hhaFllWU5BUHB1ckZtbXBpSWtwXzJkcVF5M0NWSE1ZT0NfSVI1TC1aeG9NaEk1WFBvOURzMnpZdXFwTnF6djQ1Qm56YkZWRy1GRnVaSnpzUUVCdndmQ0k4bHlCVmE5VFYxQkt2Z3pkdk9oV2s3NVliTEwwbmFTV25qaTVKbEhiR2J6WS1rdzRjUWlJU0pBa1gxcVRJTTZqbERHSdIBrAFBVV95cUxNd1psblBZVkNCMlJnNlNWaTlqVFA1UGI1NVdnZWs1S0UwN3QyVkRndERWXzhWZncyRmVLS01rRVlqOWRvS1hISFdxRk90eXc3QjNCOFNQYnZ4VlF5SDNVZmM2TzhiY24xYXhiN2p3S3NtaFFSUFFIY0ZyRGNMbVViajNuNUwtSlAwdElrd0FVdU1kRjlPR1Q3MUh1TlZkYW9SNmhrSWczVkNERUJQ?oc=5,Mountainbikes.pt,Pendente de validação,Resultado de pesquisa RSS; confirmar na fonte primária antes de integrar.
CAND-6124fe1832b9,2026-09-23T07:36:11+00:00,pneus campanha Portugal Pirelli,Pneus Pirelli equipam novo Pagani Utopia - Revista Pós-Venda,https://news.google.com/rss/articles/CBMibkFVX3lxTE9tV09ON3RDWE52dmpNNFM3empxbzdnRGJkWHRsT0NqSUdGRDhXdk5XMDA0bkdfMkplczljX0gyYW45Nm5uaHhnUzFwY2tHRE5qVjNlWEVrc0s0T015TjNZUmlmMk8zRU80bWt3d1FR?oc=5,Revista Pós-Venda,Pendente de validação,Resultado de pesquisa RSS; confirmar na fonte primária antes de integrar.
CAND-655bd0293f8a,2026-09-23T07:36:11+00:00,pneus campanha Portugal Pirelli,Pirelli equipa Ferrari ENZO - revistadospneus.com,https://news.google.com/rss/articles/CBMiekFVX3lxTE8yMjNkUkFaY1h6UGhlVENOVjZLd0FOb2dUa21pYlhnamZBZThVM0lkYlRMODdzSHpfYUxsWjVYWlFrS3FJMVRlVVRBWThOZTlKNjI5dkNuZURrdUZVZk92MGVYSC1pTW5CbmtMSUlGS050Mnl1TzF2NjFB?oc=5,revistadospneus.com,Pendente de validação,Resultado de pesquisa RSS; confirmar na fonte primária antes de integrar.
CAND-aa3c2dabf292,2026-09-23T07:36:11+00:00,pneus campanha Portugal Pirelli,Mundial Superbike | Pirelli com novo pneu dianteiro em Portimão - A voz do Algarve,https://news.google.com/rss/articles/CBMioAFBVV95cUxNTFZMUXlXMU9NbnRkMDNOTWhHN1A4dkVsVlE1eVdvV1ZJZkF0dFBXNDdWVEdhalBLR3dkSW9SSWkwMWhBcG1qQVcwVzBZNG0zV0hrRlNqQ1gzRWMtVnl6VFJTQ1pKcFZzd1lnMzhjSUZvUF9RUkNEYjg3V1R4aGpXXzZ1RXZPeDhfQ1pQdjlFWjZ5MUR3M2dkaTFFUWQ3V0ZF?oc=5,A voz do Algarve,Pendente de validação,Resultado de pesquisa RSS; confirmar na fonte primária antes de integrar.
CAND-451dd3a89360,2026-09-23T07:36:11+00:00,pneus campanha Portugal Pirelli,Arranque a Frio. Pirelli e Carl Lewis de saltos altos. Um anúncio memorável - Razão Automóvel,https://news.google.com/rss/articles/CBMiiwFBVV95cUxNTjhNa19wY2pzd0JnemxZaEpMMkxBNjR1cml6V3JBQTlzZVd3ZlRfcWJ5UWlSdk5Gc3R2Q0tIbC1jRmEyVUFyampjYkxKb0FSc3Vmdk9hLWRkdEdaQVBBVlJ0TmpKVDJlLUZOLUtfdXBnRk5WVlR5dnFvT0xHWHpJb2RrTUdkcVhjQzZB?oc=5,Razão Automóvel,Pendente de validação,Resultado de pesquisa RSS; confirmar na fonte primária antes de integrar.
CAND-407c76637128,2026-09-23T07:36:11+00:00,pneus campanha Portugal Pirelli,Rede Driver Center entra em Portugal - Revista Pós-Venda,https://news.google.com/rss/articles/CBMiaEFVX3lxTE5rdEctSFJTLWFRa0dPUHdFXzdmZ0dqRGFJaUx6REMzN3puSXphbVB2UVdKWUxrMnpabkFMZm8zNGNCWmlTLW1GUUEwR2hnaTdDamk0ekRjWXI4UDNwaDZQcjNibGdZcDJN?oc=5,Revista Pós-Venda,Pendente de validação,Resultado de pesquisa RSS; confirmar na fonte primária antes de integrar.
CAND-29c8f6bf1709,2026-09-23T07:36:11+00:00,pneus campanha Portugal Pirelli,Pneus Pirelli Scorpion e-MTB. A primeira coleção para e-bikes - Mountainbikes.pt,https://news.google.com/rss/articles/CBMiwwFBVV95cUxNX2MxLW9RMmw5WUFDN0VWQUhPbzZQdk90bkYzX1kyNlB0NV9ZT0c3T0R1WW52OWV4UHUtVXh0Y3BvelJuNUcxajNiTzFOaDU4Yjd3SGJiWWhxd3pzUUF5NTBKS2oyWWZTVWVSeHpFa2R2S2J3WWxNcjF3MW1ZR3p1a2ZmX2tEREFjVThORExyUmNQYkkzRGV1TUdXN3E4VDdFUXV5bTdaMWNldGo2dl9VcUJYd09pNkxzQ2VLNmpzSGhPc2PSAcgBQVVfeXFMT3V2TndDaExrV2k5cEt5TUJCUWxDOVJCbTVoNnVUUGZqdk5ZZzlJLTRKTEJnNDJkcG5OdFpNNml6aTV4Wm1Dbmd0bXRVakVYTFNsQUZlREVOUVJBWjhDVGxrTlRTc0I2QkZ2djNFZTExRXM4dENobENCZWNOSFBGUE5QLURxN3BYNzkyS2hudzExODVVZGlUYjZXYlR2RC1XUFpNUk1Bdk1QZFVQNjlSNmpyNjNVRXhWSzR5M05YVWpLY1B1eU44Vkg?oc=5,Mountainbikes.pt,Pendente de validação,Resultado de pesquisa RSS; confirmar na fonte primária antes de integrar.
CAND-9aaa7660147c,2026-09-23T07:36:11+00:00,pneus campanha Portugal Pirelli,Pirelli divulga previsão de melhor estratégia de pneus para GP de Portugal da F1 - F1Mania.net,https://news.google.com/rss/articles/CBMirAFBVV95cUxOTzBjV2VaWlozV1pUVUk5elk3b1d4VnlDcndaanZMZmhCMFdlcGVpT1JDVlliUWdnZmYtbHU3LUpqVWludXh2dHJUZUFjclBjUXJrQ01SRHIxak1wVUFjYXU5WC1aM0lESEdNd3pqUWtWSlhuTlJDR2hQa2ZiRm1PNnpJSGRjVXhIaDRNX2I5b3VjZFZ6alZkRUJ1d3l1U3I1R3J5MVd4VGRxU3Et?oc=5,F1Mania.net,Pendente de validação,Resultado de pesquisa RSS; confirmar na fonte primária antes de integrar.
CAND-17a7ee5f249a,2026-09-23T07:36:11+00:00,pneus campanha Portugal Pirelli,Fórmula 1: Colapinto sofre grave acidente durante sessão de testes - CNN Portugal,https://news.google.com/rss/articles/CBMiuwFBVV95cUxOdTV3MEp5c25VQl9MRUE1cnlIRmtSOEVyYk4yLVdCZU1nS0ljbHI4R2ZSNmFJbHd1SnpJMDN2bmNFd0xXUDV3ZUZGaWdxVTBiOVhSUDUzNkRuSUJzcFA5WVZ5V0lURWRWakh0M2tCaGlBSDNKbkNiYWJ0MWFnY2hUQk9NbUd5NUlsMFF0dmdzbElOQ1ZMR3VoV1UtNWlDdWxOaS1BdmxwMm9mZC1CdkFRaElLLWkxNkxRZ000?oc=5,CNN Portugal,Pendente de validação,Resultado de pesquisa RSS; confirmar na fonte primária antes de integrar.
CAND-cfd31b6a9e94,2026-09-23T07:36:11+00:00,pneus campanha Portugal Pirelli,Novos Pirelli Scorpion XC RC: mesmo ao gosto dos portugueses - Mountainbikes.pt,https://news.google.com/rss/articles/CBMiwgFBVV95cUxNVERTbFdxU3h4YThnRDgzTzFNNXF0Smt2MXpSVU9feVR2amVkY2Q0VFdfOUJ5bmJRMERrbFJoSGhqNEFSQWQwQ3FJc3ZBVXdROFAydk0yNEVoWm0yd1hDRFVncGtyMDhocWpLUHh4a2lDOXNEWnJRVEJ6ZXdMa2M2TkJ2Qm9qY0hLNHFqejc2UngyNDhmR3NYNC0zYkwwSjJtQ0lFMXFBdmVVcGVaUm9ES1FFdDJHNXBxWjY2MU1iVzcyZ9IBxwFBVV95cUxPVmtTdThnR1VwcWJISHBlYW9FYzk2MjBQWGJnVzdsZ2dHeXVFckV3TWtKUVE5dEFLenJrSEgwRzZZUTY4cFdZY0pEd0xjT2liSTNnS0pFdU1ySGxQNWxCOXV2RC1Wa2I0YVVIN0hFc0lyOURWZ2lmc054ekJNM2dCcVNac0hfa0VtSlFaTGVsaXdPZHh2LVg4RlFBUF9LbmdPRVRWZDhVZ3cxNFkwajUtNmpPR25KTmh1dzF3eUFhN1Ztb3BvZ1dj?oc=5,Mountainbikes.pt,Pendente de validação,Resultado de pesquisa RSS; confirmar na fonte primária antes de integrar.
CAND-929be2b8eb84,2026-09-23T07:36:11+00:00,pneus campanha Portugal Pirelli,Pirelli celebra teste positivo com pneus de 2027 na Áustria: “Confirma alto nível das soluções” - Grande Prêmio,https://news.google.com/rss/articles/CBMixwFBVV95cUxQcUNxLVlBMGN2dUplTi03YjlwOVNWUlZVVWFrcTl2LUFSNXdkMkZKbGR0ZW1tcGFRRV9PVGNIaTVUTGs0anc4czFOZ3Y2RUtLN0RDRkIyc1NiQk83S2h0b0RrU05rWE5yYjl1Z1NRaUYwa3Jqa1g2NVdYOGlEUm43LVZySngxaGdOa0lfLWcyOFNuTktYRWdVeEtLdU5DTGJmYUZpcUV6bXJBREthM0FCLXNnekl5YnhrekxzQ1poVjBFWkRsb2xJ?oc=5,Grande Prêmio,Pendente de validação,Resultado de pesquisa RSS; confirmar na fonte primária antes de integrar.
CAND-c31ea0546858,2026-09-23T07:36:11+00:00,pneus campanha Portugal Pirelli,Pirelli divulga alocação de pneus para testes da Fórmula 1 2026 no Bahrein - Grande Prêmio,https://news.google.com/rss/articles/CBMingFBVV95cUxQRWJ0UUdMRnZOR083LVhoYmZHb3pTeVFQZHdsbVNJTjJQencwVWVqVDZYeGJUVGUzdnRCdVpXRElOaW9VZ0xScXV1UW5kM1hWaVM3UHdkTW0wNEF5VVVfNGstNjhubWU3ejZNekN0blBtRG0yUHVLSl9VeVNmZkRXZWhDREpHazdHcGx4MWxOVDhhcUl5eUtFTmJjeG53dw?oc=5,Grande Prêmio,Pendente de validação,Resultado de pesquisa RSS; confirmar na fonte primária antes de integrar.
CAND-e6d6d623b1d8,2026-09-23T07:36:11+00:00,pneus campanha Portugal Pirelli,Pirelli divulga gama de pneus disponível para GPs de Miami e do Canadá da F1 2026 - Grande Prêmio,https://news.google.com/rss/articles/CBMioAFBVV95cUxNQ2wxMlh3dy1iNTdNcmFkUHlndDcwYnQxTDVvR2RFSFNZYktmcnlJeFFxTXl3d2dLWHpfN2tZdHJrdTc5OGlMVlIwdzJValhwcG5LbE02U09FV0RySkZvdFRCMlY3N2oydUZMMF9uS0FlNll2UmhGN3JmR29zNHVGaDVJMjU3YUpsT3VrWDFWWV81dnY1VEg3bUQzUmZnRHFp?oc=5,Grande Prêmio,Pendente de validação,Resultado de pesquisa RSS; confirmar na fonte primária antes de integrar.
CAND-95b162570e67,2026-09-23T07:36:11+00:00,pneus campanha Portugal Pirelli,Pirelli recorre a dados de 2017 para preparar pneus da F1 na Malásia: “Não é o ideal” - Grande Prêmio,https://news.google.com/rss/articles/CBMimgFBVV95cUxPdlNHeVlPWncxbkZSbVlHUzZOdXNWSUZDS1oyN0QxYXp5SWd6b1JrSS03Z01KN0NyY3dZUkZCcGdoVlI3akRBeDJkbmRmMk5zMWYwTDFVeUk1OV8ydWxEVk1yN20wR3VkNW5zeXZwNllBQS1GMUlmQVUwZE8zU0tGRXBuS1hhemNabGM1XzlqZTBURXdSeEpTbjdn?oc=5,Grande Prêmio,Pendente de validação,Resultado de pesquisa RSS; confirmar na fonte primária antes de integrar.
CAND-cef38db025cd,2026-09-23T07:36:11+00:00,pneus campanha Portugal Pirelli,Uma guerra de P's. Garagem da Feira volta a vencer em tribunal a Pirelli - SÁBADO,https://news.google.com/rss/articles/CBMirgFBVV95cUxOTXdRcGNTbG5SMWFtWVRxSkRGQ0NiQ01hSERMa1dfcGpjX1dLeE9fOEdWcEl3STVNX2ZaQjVXeWV4MTk2SEszb244SEx2WmN5SzZhZ281b1hIUHQ5NGNBTzhMMllBOGFtaWVjTzBDRWVsbWxaQ0QyS2ZNUDF4NUFrLTI5RERnalhCek9PTmZnWXRlMmxwSzJVbGc5ejZ6a1ZTMnBTQ3V5QjNVZEJFbXfSAagBQVVfeXFMTmc5UllQc0wwQ3BIUzF2OGtnSy1NNVRuVzRPRzhjUEg2SmxRTC0xMXBMS2FnWHZtdDBSRUYtY3JzY25JSkNDR2x3ZVFkWmxjTm0xMXVDY1VNeXVHaDg3OVEzb2Q0QjNydHZoZkRzS3JZZzFteXN5MjUyeVZxclJpNTJUMWFoeGQwX09OOEhqVmFDUlZKNjVJSFVFYno4SkFRaVJLM3d1Njlr?oc=5,SÁBADO,Pendente de validação,Resultado de pesquisa RSS; confirmar na fonte primária antes de integrar.
CAND-8973ae79700a,2026-09-23T07:36:11+00:00,pneus campanha Portugal Pirelli,"400 pneus, nova especificação e elenco: detalhes do teste da Pirelli com motos de 850cc em Brno - Grande Prêmio",https://news.google.com/rss/articles/CBMisAFBVV95cUxOajZhYm9YZVU0MUk3QkF3aGVoTU1zQzlDMlk1V25CVGlIX0lDMG5pQlhxakUyXzJ6Y2U0MTlIcW9FTGJvZWcwdk1LSk1JWUdoeWhmcnlOU3JLM1MyeWJTQXh3cmFDN2szWVZSaWc4cVFWcXI4cURlR3ZZbkNveUJBYzQweFRHMEJHbDFidUFkeXVuVGdldWJzM2diZ0VWTUVldHFuSkc3cTR4Q08xT3FvdQ?oc=5,Grande Prêmio,Pendente de validação,Resultado de pesquisa RSS; confirmar na fonte primária antes de integrar.
CAND-5df3b8f56664,2026-09-23T07:36:11+00:00,pneus campanha Portugal Pirelli,Honda escala Moreira para último teste com pneus Pirelli durante temporada da MotoGP - Grande Prêmio,https://news.google.com/rss/articles/CBMivAFBVV95cUxPX0FOelBmWnlJTnloRTRRMVJxY3ZHMmdxbWUtUExDdE9zSXdqLWZOSVh0S1FLM09BcnNUd3h3VWFmaVh5VE1RbkdEWFBBZnFyTEljdG9VNy15S0ZxZ0VicUFkTG1fNk04alpGX29VTENBWDZfbXB5QXdiUFF2NG1jZnlYdm50ME9YcDA0T0E5dWpXZzNVSDF6aEdjczRBcExBZTNIYmxldkE3NkN6N1VKaEdiMzBJNm9US2Z1Sg?oc=5,Grande Prêmio,Pendente de validação,Resultado de pesquisa RSS; confirmar na fonte primária antes de integrar.
CAND-83606597a8f3,2026-09-23T07:36:11+00:00,pneus campanha Portugal Pirelli,Pilotos do Rally de Portugal vão privilegiar os pneus macios - Notícias de Coimbra,https://news.google.com/rss/articles/CBMimgFBVV95cUxOanU4Tnp0aXE5cXB2dmg1YnlUVzR4M3E2Mm5xSUswMFkxQ3FHTTd0UDFqcHhHUlYtb2YxSHBzN1pJLW4wWk1KdzVRemFJdXlpa2E2MTRSZUE3SFBTd2xKUWc2TTF5eDZNekRZZ3ZyMG9HQXVOOEllMjl4LUtwNWVZb0N5b25pSEpBd2wyaWEzcm1TU05SZ2tLcTBB?oc=5,Notícias de Coimbra,Pendente de validação,Resultado de pesquisa RSS; confirmar na fonte primária antes de integrar.
CAND-3b4ed0482bdd,2026-09-23T07:36:11+00:00,pneus campanha Portugal Pirelli,Hankook está na corrida ao lugar da Pirelli na Fórmula 1 - CNN Portugal,https://news.google.com/rss/articles/CBMiqwFBVV95cUxQbkFkRDk3aTJUcHVXckFqMkpoSksyYUF3ZWcxTVUwLVJnYkpEaklrLWM2eWc4eHFOR2xlVDNFUmdIbDF6OVFUOWtyX3R0NHpSVWstdmgtdGNNWUFFUURqQ2RRXzJ5MUtUZGF4SmlyS2NSN2ZXdUpCb1Q1dDN0TlU3STNCamxSN1ZfQkFGS2YyVktmTkE0VEo0NjQyaFg4OFRGUVZudEJrVUZLYVE?oc=5,CNN Portugal,Pendente de validação,Resultado de pesquisa RSS; confirmar na fonte primária antes de integrar.
CAND-04956fc0b1af,2026-09-23T07:36:11+00:00,pneus campanha Portugal Pirelli,Ferrari e Cadillac concluem 2º dia de testes da Pirelli com pneus da F1 2027 em Barcelona - Grande Prêmio,https://news.google.com/rss/articles/CBMipgFBVV95cUxPWnVrbDFCam1uWm1JRzlSSGZacFBTNmQybGxoMDQ4OTUwRzdfcU42N0ttZmkybldIVHl5X0syYXZscjRHMFNSanpyM2VFZE1aaExpbVpvUjdFS0tTTW1DcUV0UDZaOF9kUDljdUJmZ0xySng1Y2Fndm9TNFFQRkEzTmVIYVJWMmIwdzgzYm1vT1FsMmloSmwwaGpQdG9MSVRBM2FKUDR3?oc=5,Grande Prêmio,Pendente de validação,Resultado de pesquisa RSS; confirmar na fonte primária antes de integrar.
CAND-4378125b794e,2026-09-23T07:36:11+00:00,pneus campanha Portugal Pirelli,Pirelli mantém gama de pneus de 2024 e define C5 como macio para GP da Áustria - Grande Prêmio,https://news.google.com/rss/articles/CBMingFBVV95cUxOVm5wZG5WWE9HMk5YZkFtMjdiRVlZanEtQ0pxck12TU5yZWJEcGVrMzVJZFl6TWFqcTY1Wm1VWXRKblB5LWpfVi1kalN0TDB0Yk4zdGRBM3U5WThvZC1wdlRpeW5XN0pRX1VFVUZoSTBuTXlDandyUlI3cmc5SFhJZjR4eDBJX3JoSjI2ZWZyVUkyMnJfY0dzbkppbTNMQQ?oc=5,Grande Prêmio,Pendente de validação,Resultado de pesquisa RSS; confirmar na fonte primária antes de integrar.
CAND-d2ee74345c71,2026-09-23T07:36:11+00:00,pneus campanha Portugal Pirelli,Pirelli iniciou desenvolvimento de pneus para o campeonato mundo de ralis de 2021 - autonews.pt,https://news.google.com/rss/articles/CBMivAFBVV95cUxNMDZncjBlUE1mbERNUFF3c2NvWWkzODBqWjdmMkh0eGZLMXpqS2gxSkZqNW1NZUJTcVd0My1uTS1rVFR2Q1pXVFEzYjNWU29feHMzY3B5S1pjbFJrZUs4UVBlU0ZZN3VNbnBscHlyb2k4QnNud0JnalZDbUdxTkVEdmhfRWw5andMSkFFX2tOR01nUmF3N0JMTXV5VmZyY2l5LWRFMEZ0OHAtZnNvb3doTTVDWDlIRlI4UmxRcg?oc=5,autonews.pt,Pendente de validação,Resultado de pesquisa RSS; confirmar na fonte primária antes de integrar.
CAND-70d854bd2973,2026-09-23T07:36:11+00:00,pneus campanha Portugal Pirelli,Hamilton e Leclerc completam 1º dia de testes da Pirelli com pneus de 2027 em Ímola - Grande Prêmio,https://news.google.com/rss/articles/CBMitgFBVV95cUxPQ0FEa0d3U3lBbU9FM21MUl9OcjNlaHBBMnR0R0VuYlBIY3FOUDZFOG9XOUhmcjJ6a1B1eTA5NlVPalkwdzJrMXRiamFOaTlNeHRzTEc0RHlhY3FPbXJuUUhHcTZnT3M0dHNyZUsycTdkTEMxNlYydU8tM3AyenNFRVlPaFRPMVJQUnBtZ1Y3S2FCTnNpSTlpak1PczNwV1NfYUFzenZDVEwzcmJfSEFaZWpwNE1RUQ?oc=5,Grande Prêmio,Pendente de validação,Resultado de pesquisa RSS; confirmar na fonte primária antes de integrar.
CAND-df99dd28b344,2026-09-23T07:36:11+00:00,pneus campanha Portugal Pirelli,A Pirelli equipa o Pagani Utopia com seu pneu inteligente Cyber ​​​​Tire - Highmotor,https://news.google.com/rss/articles/CBMipAFBVV95cUxNQUZBbzZLa2w1dG85Sl9adkJENmJVYzlZcXFGX2pUTE1wdnZRWHV4SDdGMk9xTENoMk5KWXktenZxMGJXZXI2R0hISXkzalpvZDJTdWxJMklZYW1nYU50Q2NXVE01SW1rV1Ywb0gyTDBTSHYzMlF5Rml0YkotaU14c2RNeWphWWVRMFdkMVJ2WG5KdGw1QlZZcEZFaTFmQTZIdE55Qw?oc=5,Highmotor,Pendente de validação,Resultado de pesquisa RSS; confirmar na fonte primária antes de integrar.
CAND-63482b23ea00,2026-09-23T07:36:11+00:00,pneus campanha Portugal Pirelli,FIA flexibiliza toque de recolher de pneus para GP da China após atraso da Pirelli - Grande Prêmio,https://news.google.com/rss/articles/CBMingFBVV95cUxPSWJETFpiS3Jna3V5NEtvVWVKY0U0aDJXdUgwWmE5WWFQdWlrS2tfUTFISHpiekcwX0p1VmxHLUJVSGlMdHp0YUtjbEs5ek9ZWEx4OXRpdVNzMUxCb05nUzYwSC16OGFaaU1OZ3htSjUwWTU5WVRlclk1SmhKWVktZDZvRml5alkzcGg4bGo0eDRfdWRmclQ0T2lib0VwQQ?oc=5,Grande Prêmio,Pendente de validação,Resultado de pesquisa RSS; confirmar na fonte primária antes de integrar.
CAND-8806f8ef0a44,2026-09-23T07:36:11+00:00,pneus campanha Portugal Pirelli,Pirelli reúne Red Bull e Racing Bulls em testes com pneus da F1 2027 em Suzuka - Grande Prêmio,https://news.google.com/rss/articles/CBMimwFBVV95cUxQUnRLcFJ6TE9HbngyWFV6c0ttcmYzeWhZMVNRWkZfYUVGc3c0ekR6M0FxTHAxWU81M2pYSlVKVms3VE5OTi1DbWkzNkdPUTh2cTJCU1d1VDg3UFYyME1VWkR6dHFMWl83WTJrZlgzWU4zRGpQME9VV1pGMTRWa0hFUDdlOHJIcmlNaWhHS0pkV192RWFIRUV5d3Q4SQ?oc=5,Grande Prêmio,Pendente de validação,Resultado de pesquisa RSS; confirmar na fonte primária antes de integrar.
CAND-9aadecb7287a,2026-09-23T07:36:11+00:00,pneus campanha Portugal Pirelli,Fórmula 1 renova contrato com a Pirelli para fornecimento de pneus até a temporada de 2023 - ge,https://news.google.com/rss/articles/CBMi2AFBVV95cUxPN2hIUFlEa0VwMGQ1T3kySEdHUTJnaE9lSVkwVnVQTHdqZlJYbXdhZmlNdWd0T01hd0pUbE1WaEU1ZmswOWtUUTRRa1ctSUNjVTh1MzZnckUzRG5yUnpERFZUc25Db2J6Q2p3dlNfdU5SYVlYMkFMVFpmb3c1bnRycjhETWhNN2RlbVVuUUk2Y0c5ZkoteUg1NnBlV3JjSm4ycVdpRUl5enhONW1veV90YzRjUG92ak1KZ0lYZkJmWWN1MjRBM3V2bHY0SUd6bFY2ckpxeHhOY3LSAecBQVVfeXFMT2RnNWpkazhrSDAxd091OWtMMDdXdUNMejQwNDZQczhMQkRzc2pCSzVJdzBMS1R2V21CdW1rYkdZdjRQXzRTTlg4d1pGR3dJTkRwQk9lQV9xbWc1OW9yZnd0RE5HMWVVdWxsR3RCSy1LZ184VUtkWWpxMXltbGNnWHB1bkRQaUsxMWtvbko4Szc1T1Q0XzhKbmxoanRNdDdqQWpCQmVzNXBsLUtYQzlHUl8wNW9RSVBCX1FaYmo3NVJITFBDZ2dVSDM4c20tY243THg0dGlPelNOTnRwbnJuVWVvbTdtd19v?oc=5,ge,Pendente de validação,Resultado de pesquisa RSS; confirmar na fonte primária antes de integrar.
CAND-db7db10b3497,2026-09-23T07:36:11+00:00,pneus campanha Portugal Pirelli,Entenda o que fez das primeiras voltas do GP de Portugal uma loucura - Projeto Motor,https://news.google.com/rss/articles/CBMihwFBVV95cUxQaFZkTDFUNTg5QV9UbF9wdXBJaGVyRkdyVnpDVmxILWVSYl91bzRjc0YydjlfczNROWRsdmU2Zm1fZUlZN3l3VmZUdEJvSTB5eE9GWXQtYmVQV3JzeWpzZWxmb21ILUpNRERhRTR0M0lWZnJMQzZZOGRuYTVackpiamVacG4tVlU?oc=5,Projeto Motor,Pendente de validação,Resultado de pesquisa RSS; confirmar na fonte primária antes de integrar.
CAND-0f6d8b886f05,2026-09-23T07:36:11+00:00,pneus campanha Portugal Pirelli,Pirelli anuncia pneus disponíveis para São Paulo e mais nove GPs restantes na F1 2025 - Grande Prêmio,https://news.google.com/rss/articles/CBMitAFBVV95cUxPUlJRVVJjVXN6R1owOUdrUGlwdWppS3hrQ0tnR1J3YUYzSzZlSXJBb1l0VDhLcWRfUWFiUW93VDN0b0dCTnItTmJYTG5mY2pheVN1b04zTFNnbGFPeFBYOVJTRWd2a2FhZkdvZEtCRkxYdl9wOVZyWlozSDl1YTZHUkEwU1d6c1kyMDI0V2FiOVFuSnBZR25KRUVLN2c4VmhmcnlDdHhRQTNwSlhRdTNySnZJS2U?oc=5,Grande Prêmio,Pendente de validação,Resultado de pesquisa RSS; confirmar na fonte primária antes de integrar.
CAND-991263fc1fc5,2026-09-23T07:36:11+00:00,pneus campanha Portugal Pirelli,Antonelli e Norris encerram testes de pneus da Pirelli em Nürburgring - Grande Prêmio,https://news.google.com/rss/articles/CBMirAFBVV95cUxQNk1ZenotUS0wbjF4V3hBc0F0UE8yNWdlSzA1OURxb3RFSHdNUVNuU1o1WEFsV25ITDNHNi1XaWF0U3dkbEFla05UQ083UGZjVWVuS095MDRra3NHeVNuRVlEV3VoX0FHMThndnRsMVVRMkZYc2hXbHljZ1lBU0JSVkFGZVpZc0x1NGdkSl9sTGJ4VlMxN2dRN19IdVV2bURHOFN6SmFMMzQ0RFFz?oc=5,Grande Prêmio,Pendente de validação,Resultado de pesquisa RSS; confirmar na fonte primária antes de integrar.
CAND-f553193bfde9,2026-09-23T07:36:11+00:00,pneus campanha Portugal Pirelli,"Pirelli confirma gamas de pneus para GPs de Las Vegas, Catar e Abu Dhabi da F1 2024 - Grande Prêmio",https://news.google.com/rss/articles/CBMinwFBVV95cUxNdWtnWW9hdEFic21LRmFzRE9HRFA5OV9LM0piQWZqUFpDamJEdU1wR3RQTWh0MTg3VXZYRWU4NW5yY0gtUEw2cmtsQWpSRmgybEFIckZHNnpPeHkya0VGZjA5d1FaWGY5enFid3B1MUdmMDRuUWdzUERKTkNyblA2RXdMVTFYQ015cm5sSzcxMjRSZUU3Q3B0d1ZUVFdNRjA?oc=5,Grande Prêmio,Pendente de validação,Resultado de pesquisa RSS; confirmar na fonte primária antes de integrar.
CAND-356edd72b807,2026-09-23T07:36:11+00:00,pneus campanha Portugal Pirelli,Pirelli realiza teste com pneus de chuva da F1 2027 com Hamilton e Leclerc em Fiorano - Grande Prêmio,https://news.google.com/rss/articles/CBMisgFBVV95cUxOTFFYMFFrQUo0Nk8xVTFUSVdYeXlvR183cjFnN0pQUUR4SFBJTUF5WDAyV25sUjlCY1dwOEJkY0ZTZVFnYldyQ2MyaFRHd2dReFNRcE81UlpRMWhlMng4ZENLQ1RYbUdoYk0wVUo4R1p1OTNSM1RWcVR6SnNabUpnWnlZdzNpdEhYQWdIcXRjdFJUY3Z4YTMxT2JaNjlQMjdnM2JtTjhveG1JRUc3THVrTmRn?oc=5,Grande Prêmio,Pendente de validação,Resultado de pesquisa RSS; confirmar na fonte primária antes de integrar.
CAND-c11d49f26e1a,2026-09-23T07:36:11+00:00,pneus campanha Portugal Pirelli,Pirelli divulga melhor estratégia de parada e pneus para GP da Bélgica da F1 - F1Mania.net,https://news.google.com/rss/articles/CBMipwFBVV95cUxOeGU5OXg5LXo2em8yT3ZQU1dPU1Bxb2dXN1FxT182QmwyZTVmNHJuWTczdlJDbFFid2lvNlRjNDBRWmNNOWJOb1ZCT1c2cmlySGROcVBXTy1uTEk0bTVQckxVVGwxdVJBUHBUUUJmS0pzNnphb2JldkcxUGE5NUtXLU9yWDZBU1pCSFRSektET3RPVFJwazFlaXVVVl9GQ3VHWWRvRGJ5cw?oc=5,F1Mania.net,Pendente de validação,Resultado de pesquisa RSS; confirmar na fonte primária antes de integrar.
CAND-e719933d1bed,2026-09-23T07:36:11+00:00,pneus campanha Portugal Pirelli,"Há cinco anos, descalabro em Silverstone fez Pirelli mudar pneus na F1 - ge",https://news.google.com/rss/articles/CBMi3gFBVV95cUxPYkFIMURGWktpZlhlckxmNWtidTJHUGYybnAxTlE2b3YwSHFqTzdCTzBuQXdDdlVfZkItUXNGR3g1RXRJSFlYc3Vpc0JDVEJSUmlzVUZTMlpXQ3RjTks4MW5jQ2xKUGdRNWFZVGJGOV81NmVRRGV2U0ZmUnN4cFgtZnJGaUNZbHM0OUo1ZFQ3c05XSUNESTRGYmdzY0NpN21UQjExOG1tU0ZlblkwNlhSQUMyOXdDUzhIZFVTMTQtZXlrLUwxNGdDY1NHZWhOOFNucUlQUmcyNFRmWHZ4QnfSAewBQVVfeXFMUHYzWWZPdkp6UmZHMFpIWmo3YjVKTEkzbm5KMEpwaVE4RUM0cWpfdEZNRDRabV9CZ0RvY3V1MGV6UGV6WDhuR2RtM2RyUVB2NWp1U3pQaHJqaVZiMko1MnZMekZnQi1Ucnc5M3J4d25NTHo1cG5FWWRBQzRnaC1vWjJBdWthNmZaZ1U2djlELWtrMHhwcS15Z043elQtek96U1hYOHc4MWUxaThVQ0JXNVUzamQ2eWhMaS1McWt5UGY0dXpIeHRSTjN2S0pMS1RPQWFCd0RuWHdnZks3WEREak5VTXRPOF8zdnJXaXA?oc=5,ge,Pendente de validação,Resultado de pesquisa RSS; confirmar na fonte primária antes de integrar.
CAND-1b5a93e3fbe5,2026-09-23T07:36:11+00:00,pneus campanha Portugal Pirelli,Pirelli e Bosch Lançam Pneus Inteligentes Com Tecnologia de Transmissão em Tempo Real - diarioeconomico.co.mz,https://news.google.com/rss/articles/CBMi4AFBVV95cUxOM2JUVXkyMG8zRlVqUVBnbC1YMUkxN05MZ0VPbTBpblJNcWJZUExJVUIyV3BJQXJmX0kxaGpGUmFPdTczNlpkT19RYVBETERvaWdWSHE4NFVPWXZYNVN3eVFDbVRyU2pINlRpQmtGcXBLbW9XOHJnenpvMjJKMFRiUXdoemI1aTh2YnlSVW05NmVWNTVSYWswanhZajZOWEI1dE5iTkdibjFJY25naEQ5YkltZjhVejVDV1Juemw4T3gwUmJzLXRDaDBtM0lId2pWaVdXY0tGendmeENQYl9DMg?oc=5,diarioeconomico.co.mz,Pendente de validação,Resultado de pesquisa RSS; confirmar na fonte primária antes de integrar.
CAND-ede73c468eb5,2026-09-23T07:36:11+00:00,pneus campanha Portugal Pirelli,Pirelli confirma novo pneu de chuva extrema a partir do GP da Emília-Romanha - Grande Prêmio,https://news.google.com/rss/articles/CBMilAFBVV95cUxNdUxYYVpLZzRxU1VFSi0xbFhtdVVSSjBUY21uWjVGOGt5bWtQQmFlM0hVcnphVUhkRnotQlVkcURGY1Z1czNTZkhHZlE0ZVQ5VDl0UVk2N0dWanFOWDl2WDNheWNLNUlCZUhGTWRsdThYMTRWY1R5VWQxNWlsS3BiWFJKYWVKemF3T2hGMFh2VmdXREhE?oc=5,Grande Prêmio,Pendente de validação,Resultado de pesquisa RSS; confirmar na fonte primária antes de integrar.
CAND-e4cb45a5071f,2026-09-23T07:36:11+00:00,pneus campanha Portugal Pirelli,"'Falta de previsibilidade prejudica investimento’, diz CEO da Pirelli para América do Sul - O GLOBO",https://news.google.com/rss/articles/CBMiyAFBVV95cUxNaHNweDlVRGRpTzhya2JsYWkwNzhoVk10S3I0R3BSV2NISllmekRfVVFTMDNqTGVYenFNZThKT0tVMHVZSVBkaHphQWR2UExIN0tnRmMtMVZ1Q0g2YTlKd3lONkRtejF0ZUFYR2pkRnNlNi10UWRTaFRuSVlwOEY4OGltZjVRTVM3c1dDclE2N3ppaTJaLW5xcEhqdmNZNE9IQVlsQlY1S2FwR2dmOEFtYjNiNm9BRVRwNlFUQkF4Q3FfWU85QWV5VdIB1wFBVV95cUxPV25uaXYyMjYwN2ZXVS1aaXRWdUxIMERseWdSNFVkYllHWFdsZFZPYzU0blY0S1dwMzRudUQ5akhUdXVHR0JXVVVoVXFHUElFSnhTOVk3bDJ3dGZydkkwMVV3RDhTTkJfT0tBbWVySXhkd2EyWFNLRjd4Z1RYNU9rUlh3R2gzTzd5Y1lYeU9uSFBpWmlVN2Z0b0sxOTQ3TmJmYS1UVjdsYUJSbURjM0pUQ0FnNVFrTUpUU0JZV1pPcFg0ZGtKQ18taFFEN21aNVJwZ3BITUtuZw?oc=5,O GLOBO,Pendente de validação,Resultado de pesquisa RSS; confirmar na fonte primária antes de integrar.
CAND-d240e185e057,2026-09-23T07:36:11+00:00,pneus campanha Portugal Pirelli,Pirelli divulga esquema de pneus disponíveis para pré-temporada no Bahrein - Boletim do Paddock,https://news.google.com/rss/articles/CBMitAFBVV95cUxPcHNZOU9TdGhDREdRUVMydmtEa2dQb3dUZS00RlAzaF92RnpMX2hicGd1blZfaEI3TktoYnM0cGFkVzlOVnUtYWwtS3BRR1d6NllSbUQ2VDBtMGIxX0V2eFRkQW1KUUdxaHhiTnVQa2xGU193bm1Ndnk2d09PVzZNZnpTdUpNV2w5TUdVMFd4OXRoWWh1U1dlSDFVNXBPeHFOejZibl81eWVrOHRNbXhDS1pCa1E?oc=5,Boletim do Paddock,Pendente de validação,Resultado de pesquisa RSS; confirmar na fonte primária antes de integrar.
CAND-9f1b3ae65413,2026-09-23T07:36:11+00:00,pneus campanha Portugal Pirelli,Fittipaldi guia Haas em teste dos novos pneus da Pirelli em Silverstone - Grande Prêmio,https://news.google.com/rss/articles/CBMingFBVV95cUxNWVEyTTlFaTQzOE5vQUVHY3VFejV6aVNzNkU1MllBemVYVlBZUU5MRllNWkRabE9EQXY0ZGk3VndSM0NNcnN2TmhUUlFiR0ZINGs2UjJLR3F6M1Y2c1hPcFl1MjRQdFhXb0Z5ZGZDNlU3dkRrRnhxVnRnLWxrWkUxWnNXekFoenRFWVNscjljMTBEMXpZWEFYRW5HTUg3dw?oc=5,Grande Prêmio,Pendente de validação,Resultado de pesquisa RSS; confirmar na fonte primária antes de integrar.
CAND-ba07c526a67c,2026-09-23T07:36:11+00:00,pneus campanha Portugal Pirelli,Vagas na Pirelli: multinacional está contratando em vários países - Vagas Pelo Mundo,https://news.google.com/rss/articles/CBMiY0FVX3lxTFA2MW80TDR1Wi00Y21KX3Q2NENHdVlCTGlSZFI4RUlKSzRlOWo5V1E5SkUxbl9UellCNmtqb0QtX1VtcXI3OXVfTmt0VFBGa2Jta3FKVWZicV80YUJDMHdJbmZkSQ?oc=5,Vagas Pelo Mundo,Pendente de validação,Resultado de pesquisa RSS; confirmar na fonte primária antes de integrar.
CAND-6e676d7ba85b,2026-09-23T07:36:11+00:00,pneus campanha Portugal Pirelli,F1 e Pirelli renovam acordo para fornecimento de pneus até 2027 - ge,https://news.google.com/rss/articles/CBMiwwFBVV95cUxNcXE4MDBjTldJRG1VXy1FY1NtOTZVLXhUVWRUeWJnSENBTlF2NGRUa0lQeTFPSXJpaHE1V2xmUjhPWEdLXzNFWFgxcDRlN1VrbHZKRDFTS0VjR3lpcVZYdXZXWi1oRFhjaHFOeGtGSVZxRzIza2puNlZ5ZVc3SG5RNTRLdXFVZm1OUkN2dXE4S3Y0WmtLd3hmNmJCMnFDb3dJbjlQS21RZk5VcU9vbno3dkhyWk1SbkZUcGtnNWJTZG1oUE0?oc=5,ge,Pendente de validação,Resultado de pesquisa RSS; confirmar na fonte primária antes de integrar.
CAND-8abddf2e65d2,2026-09-23T07:36:11+00:00,pneus campanha Portugal Pirelli,GP da Inglaterra: Pirelli realiza ajuste na gama de pneus fornecida para o evento de 2025 - Boletim do Paddock,https://news.google.com/rss/articles/CBMixgFBVV95cUxNU0FrRUhOM1dWN01LZzEzTnFVWTdlMWJsRjVzMURnajA5ZFpwYkJUMnc4eWhSQ0Zwd01RT2dUb2JQMTIyVmF4QTJwN0hsTTJlWDVVTlBiTDYteHkyOGZKT0cySVhuY0FmQk02MjJlMFE3ejk0Zzc3cU9RS1dOOU5MWnJmOGo1NFFZVDBGbTlCbWFhYkwxamlhcFowdW9RRVNsZ0RXUW5ndWtpc0gySldkMGdLSms4X0VEalNKcHV4RmtHQVg1WFE?oc=5,Boletim do Paddock,Pendente de validação,Resultado de pesquisa RSS; confirmar na fonte primária antes de integrar.
CAND-a06300b50e1e,2026-09-23T07:36:11+00:00,pneus campanha Portugal Pirelli,F1 2025: Pirelli define gama macia de pneus para o GP da Austrália - Boletim do Paddock,https://news.google.com/rss/articles/CBMipwFBVV95cUxNS19kU1Bnb3pqMVZLdF9GWGJuNGpqYzVWZDF0ZDh0NW16VEN5QllIV3JhNG9LbHhJUVdxclVhVDl1YXZaYXZrbkdvTE5VN24wYWtaV0MxbGFDRjlPMWN1SHJ1TUljeUNyVFJydHZoMVQyTm1BQmRKbmM0TzVYVkN3ZFNSd0g3cGFQV2FfanBRXy04bDItRDQxaEV1dVJDMThQVElVbXN4WQ?oc=5,Boletim do Paddock,Pendente de validação,Resultado de pesquisa RSS; confirmar na fonte primária antes de integrar.
CAND-1ed9edcc0e45,2026-09-23T07:36:11+00:00,pneus campanha Portugal Pirelli,Fórmula 1: testes de pneus Pirelli 2021 - Autoracing,https://news.google.com/rss/articles/CBMieEFVX3lxTE9TeWx3N3cxN1psNmQ5ak5RWTFyZHhlRGtLN1NIWkpQeGQyRXJDVkh1N1JjdXotUndES1dkRzZLcFgxeTJUWUpITTZqbVdHUFFhcEFFTVd3aE5BZmQzMW1lN3hmYjFSRUlUcUZad1pRTEpLVzJZWVY3ZQ?oc=5,Autoracing,Pendente de validação,Resultado de pesquisa RSS; confirmar na fonte primária antes de integrar.
CAND-e0810e3d8523,2026-09-23T07:36:11+00:00,pneus campanha Portugal Pirelli,Pole Position - Como a Pirelli escolhe quais pneus vai levar para cada GP da Fórmula 1? - UOL,https://news.google.com/rss/articles/CBMi1AFBVV95cUxQNG16NzhQLUhiTzMxNG1LakgwZ0VZeGphLVdubGVrTGg5M2NBRDBYY1NhYTB2cVQyeUVxWGxqeWVrTXJpX09jeFN1NDVCVHVOUUhtMDFKRlY2SmpfUG9FcXFfMXg5eXFVV3lGU2xuODdxbTNsdTd1dl9tZzVKOFB3ZUp3TXlhNW52c3dnblJ2TTVEa0g0QU9Vcnd4MDd4U09PNEplUV9QM3JvZTNZZGZXRC1XaEpPc0VFWVVlcUtUMjNHY3BtV01sLUhTTXFEZFpaM1czdA?oc=5,UOL,Pendente de validação,Resultado de pesquisa RSS; confirmar na fonte primária antes de integrar.
CAND-149bd43a3b62,2026-09-23T07:36:11+00:00,pneus campanha Portugal Pirelli,Galeria de fotos: Bajaj adota pneus Pirelli em todas motos montadas no Brasil - motoo.com.br,https://news.google.com/rss/articles/CBMimAFBVV95cUxOdWtZUnh4ZzY0VzZiUF8wWjNnd2c3ZVNadWxUZDFQNjJDOTZjWVEyTXQtZU14N25vTmRSQkVvRnlIbVNVZ3hDUmdITVd6Q3UteURsM3lETFVLODVQYTFKQjgxdV80YkhBLXpUTE9yYmxheWZrQWFFeTBLWTJmVUpVV1N5UHVMaXFBVERwWkhfVWl1aGItOWMzdQ?oc=5,motoo.com.br,Pendente de validação,Resultado de pesquisa RSS; confirmar na fonte primária antes de integrar.
CAND-dd214dec8fbe,2026-09-23T07:36:11+00:00,pneus campanha Portugal Pirelli,"Dez mil km com o Pirelli Stella Bianca, uma reedição do pneu original de 1927 - maxicar.com.br",https://news.google.com/rss/articles/CBMisgFBVV95cUxPLXMtUzZCWXduSTgyR1hKREZ3d3liZHVEbEpkNHFIejlyNFowRUhfdWxWQTRCMVdjazctQzF1SXpzaHVyR3hiS0szRDBMTVFiUEV0WHJUZkRidnh3WE9nbnZ0dUY3NUhPUDJhTkNaU0duMUFFYlBNZXM1ZjA5MHFEU2JkcC1WSWZVMFVNQTUxMFNiamJHN004VHRVQUU2MF8zNkVmblM5c1NWbE4xbU5JclZ3?oc=5,maxicar.com.br,Pendente de validação,Resultado de pesquisa RSS; confirmar na fonte primária antes de integrar.
CAND-c2418ebcd6ef,2026-09-23T07:36:11+00:00,pneus campanha Portugal Pirelli,Pirelli P Zero: testamos o pneu da F1 em supercarros - revistacarro.com.br,https://news.google.com/rss/articles/CBMihwFBVV95cUxORHZzaDFvVlRnX0I4QUtRbVB2dTdjcGtsbjJmbDAyWGJ4SmNFbHRTR0ZGdS1EZDAtR3BlVzNjbHd5U25vZDFubWFJUG9RRENBSlYtQVE0eUZROVZZS1JESG90VkRSZm9DaTVrakc2cTdLTUNiUDFSMllCRnNMcVBaUXItTk5PYUnSAYwBQVVfeXFMTWVKaEEtZ0I0NldYTHVBMmpMeGZjd3BCRGw3R21KcVFNWWMzR0JscHI1OHZpTHRMSExtTjRsVl82am9EeUxiTm5vUTNUcVN4UDBjVkwwUFRSSUp1dTE4dzd1bHpTSnNGRG5NeWw1UDNjaFMtWEMtb0RxM3Z1akJWRUVFb1ZlSk9XVU9PQW4?oc=5,revistacarro.com.br,Pendente de validação,Resultado de pesquisa RSS; confirmar na fonte primária antes de integrar.
CAND-1543477ba559,2026-09-23T07:36:11+00:00,pneus campanha Portugal Pirelli,Últimas Notícias - Pirelli Pneus inaugura mais uma unidade no Brasil - MotoX.com.br,https://news.google.com/rss/articles/CBMijwFBVV95cUxPSXpYMC1XZk1WOHprYXZOOElsamZkSDMwM2JKcy1ydWVtZTdpM3Jsb0RVLWdkYWtGRHkzTkNUQ1hIN3Z5UzZTMHY0SjhVc1J6WVNlYkY2N21XUTlHczdxVVFjb2IyaFBBazBIaHNxdWxQRUVnN2dJRXI2Z054aUFNcDRsbTdzWlNKT1Nfbi1PSQ?oc=5,MotoX.com.br,Pendente de validação,Resultado de pesquisa RSS; confirmar na fonte primária antes de integrar.
CAND-596052e0b552,2026-09-23T07:36:11+00:00,pneus promoção Portugal Goodyear,Goodyear nomeada 'principal fabricante do ano para pneus de verão 2026' pela Auto Bild - news.goodyear.eu,https://news.google.com/rss/articles/CBMitgFBVV95cUxQTGJJalBSVjU3WnRmejgzTjRqcHdYU2xhQm9aVHN4WHBYajAxZVhOaVFTelRKT2lMWngwaC1LdEJqMmlHV3lmU3V5UTIxRmV5SkgtZjN4SzBVcmV4bUFuTTFFcEdMRzRLUkhPNXdvRG8zVmNVdUpsZ0FFOHdOZE9JRG5wOFhRMWxjX2ZWYUxHX1RxYmhGUGZQVkM3cE5rVVVDR01CNGlkWUd0ekN5aE9UZ0FMQ2RhQQ?oc=5,news.goodyear.eu,Pendente de validação,Resultado de pesquisa RSS; confirmar na fonte primária antes de integrar.
CAND-720d56f64f93,2026-09-23T07:36:11+00:00,pneus promoção Portugal Goodyear,Fabricante de pneus Goodyear suprime centenas de postos de trabalho na Europa - contacto.lu,https://news.google.com/rss/articles/CBMiwwFBVV95cUxQc0hWdDFkZUhaZmwxajRFaFd5WHRUX1hRanVGcDdxQjRxNGRvVUNMa2pvcmY5Z1J3ZWd4aE1MT2dPWVdWWk96WEhTVmd1X3o0SENibTREUlozWmtDWlBVTFdwLVlhV3ZrSDVrbmRsNENqMmRSYjRTOXluaUhldm1PVnhuY3p2dHFpZmdjdjZINzRVcGtMTVdxSHBJUllQczlEdXFsS2JZaThHcGkyeDFnaFB2STY0QTB5c2kzVjNFLWptYmc?oc=5,contacto.lu,Pendente de validação,Resultado de pesquisa RSS; confirmar na fonte primária antes de integrar.
CAND-6dbe09f57194,2026-09-23T07:36:11+00:00,pneus promoção Portugal Goodyear,Goodyear mantém exclusividade na LMGT3 e prepara nova geração de pneus para o WEC - Boletim do Paddock,https://news.google.com/rss/articles/CBMivgFBVV95cUxQZElJWWExWnVLdk5vMUFPZHdzdm1xSEw2MTZ5MEluS2Y4dHhWTnBTRG0zSmNYamx1TlNKTnlJam1EMkI5LWwybk5LX3RPeWh4UWkwWEFCRUxIaTVlWUsxdnFUTGF2Mm1RVDY5eEpoWFF0SE8zZzFuWHJqeFo3YWktTm1hRE8wZnMxQXhZbVc1R3BIY0FxUHZSYnlUU2wzX1NaM3Bna0lTSl91NUllMGY5QjlmdTlNNGRIWk5PaFFn?oc=5,Boletim do Paddock,Pendente de validação,Resultado de pesquisa RSS; confirmar na fonte primária antes de integrar.
CAND-0f45548b991d,2026-09-23T07:36:11+00:00,pneus promoção Portugal Goodyear,Goodyear apresenta pneu com 90% de materiais sustentáveis - revistadospneus.com,https://news.google.com/rss/articles/CBMioAFBVV95cUxPaS1yNzhRemV3VVpoeUJfcWQ4RE9pTmgwTTI0b2RCSGUzdjlRTFZGaGF5bWwzMG05TUFjTl9MNHlhU3N4NkdheWItQTFIOTNYTXdnc252ZVM2S1NxaXRtNHViSG01dlk1OVdyM1RVQ2o3SEU4N2QwY3NHQWZtZlBXX0duRVRjbmFWN3ZMazdkbzBmQl9XbnEtc3M0bDllc0ND?oc=5,revistadospneus.com,Pendente de validação,Resultado de pesquisa RSS; confirmar na fonte primária antes de integrar.
CAND-5c1e50ef2541,2026-09-23T07:36:11+00:00,pneus promoção Portugal Goodyear,Goodyear lança oito medidas de pneus com classificação AA - fleetmagazine.pt,https://news.google.com/rss/articles/CBMiaEFVX3lxTE9DQ1ZLT1VjRHhjS1FfcEdyNi0yVVVrVEd0QzItcHhHcWJIS2tRa1hqRG9yaEp5UFY5eHVuMTE5QUZwWmZQMmZUZHpadWFuTUMya1kxRllHd25iYndPMFFiZnZRamY4bWU1?oc=5,fleetmagazine.pt,Pendente de validação,Resultado de pesquisa RSS; confirmar na fonte primária antes de integrar.
CAND-34560e41c79d,2026-09-23T07:36:11+00:00,pneus promoção Portugal Goodyear,Goodyear lança KMAX GEN-3: nova geração de pneus para camiões focada na quilometragem - news.goodyear.eu,https://news.google.com/rss/articles/CBMitgFBVV95cUxNbmpjTTdYTnVkLWoxMGh6SV84Wmx0c1VaQzF5M3ZFWUE1cG5oRC15RzcyYzh6ZnJIb3FFVGg3d0c4a3J0TkZXSnY4ckUtbmRuVndIUnJfckdQMU5JdFphUzBPUWEya3Q2dEVtQi1GVzlhQzFkM2ZWdGlQUFF4Uk1ZYXQ5QUNuS1JqQlNtbHVFYWdTY0ZuMWJDaHZ2eEdILXkyVEhDS2ZkUGVCZXkydk85MFVFclRoZw?oc=5,news.goodyear.eu,Pendente de validação,Resultado de pesquisa RSS; confirmar na fonte primária antes de integrar.
CAND-2622ef6657cc,2026-09-23T07:36:11+00:00,pneus promoção Portugal Goodyear,Português morre num acidente em fábrica da Goodyear no Luxemburgo - Jornal de Notícias,https://news.google.com/rss/articles/CBMiqAFBVV95cUxPWVI2YUxUcmdXT19MNGEyblM3UGtmLWdjWnZiejZXUHd3VzE0OEVWNWNNbXktM0Y5WWdOLTVpdGRQVVI4YWl6MGF5TzBnWWpTM0RaMUVRdHhoVFE3MFZ1bUpKRXJtcFV0SEpwZWpxRW5mZlBzWWh0TWJ0SWpqTkR3MlRrTV9tODFHdFlSdFRHa0FlQWFseFlYdzNsM0piVm84Y3BST3dDNHLSAZwBQVVfeXFMUHJzRGdmYkhrMUZDdUtLZDVhYWlBMHI1LVJSaUcyU3lKeVdwN2NTOWlwTmQyUVd2T2ZIbFFBekxmUmlTTTM4dDl2ejdsdTJPVmotMTlPNDd6Q1V3d215alVteXJDSVpWYXhtbnNWZ3JKRkY4b1FmaEFBTlc1NWl0YXNSLXQ4Xy1EdjIwMjM5M19PX3RZSVphX0d1MGNq?oc=5,Jornal de Notícias,Pendente de validação,Resultado de pesquisa RSS; confirmar na fonte primária antes de integrar.
CAND-3448512a50f8,2026-09-23T07:36:11+00:00,pneus promoção Portugal Goodyear,Goodyear é suspeita de ter ocultado defeitos em pneus de caminhões que causaram acidentes fatais - RFI,https://news.google.com/rss/articles/CBMi4wFBVV95cUxQYVA0VS1aZHI5MmlpT3JuNDU3VXVTeDlDVVgzbFJXbkw4TGtOeGE5aXNmY1h0RVczLU1Kd2VvZ3hJeDJKbnBXUXJZYW1FLTFGQXIxT0Z1QmRTZHZ5b3BuNzZBLUd1bTNic3RCRDhXckVTQ1VSNzhWa3RfM3R3eXpuU2E3cjJkUURKQkJWWnV6dTQxdjNPWkJtVElWSGtCdGhVRzlRTGViOG0xOW5aRU1rOFRldU5ZRklaT25odkJ1c2ZlU2t1cW1GTmJ5dV8zeHhjeTZMeVdUelh4ZUNwX0VnYWMyVQ?oc=5,RFI,Pendente de validação,Resultado de pesquisa RSS; confirmar na fonte primária antes de integrar.
CAND-9ae7ac8bf025,2026-09-23T07:36:11+00:00,pneus promoção Portugal Goodyear,Pneu Goodyear eleito como o oficial da Mercedes-Benz Driving Experience em Portugal - autonews.pt,https://news.google.com/rss/articles/CBMivAFBVV95cUxOMlNLNDQyMHNVTDlOZkltaHl5NGlLdnFFcmlBUm1sejBCRXhrMjhzTm96QkdvbEFoNlVsMC12Vk1GYTFCeERqNmVJZHlRWWFxWUREdmtDU251TkhMcl92NUNHb1p1akFoUEJIUkdoWFpsNFFWR0hmVFRGdFY3OEg0ZUMyQ0Y0M3VkclBHZ3REMXR1MVlLYXFiZjNxNzVCa2VzSWpnTHlFbXhzVTBGbWF5NEpFbWRmemJwOHB3aw?oc=5,autonews.pt,Pendente de validação,Resultado de pesquisa RSS; confirmar na fonte primária antes de integrar.
CAND-5e57c810c6f8,2026-09-23T07:36:11+00:00,pneus promoção Portugal Goodyear,Feito de arroz? Pneu renovável já existe e tem promessa de durar 500 mil km - UOL,https://news.google.com/rss/articles/CBMi0wFBVV95cUxPbHpXOV8za3FqamFWcTM1NFVsU29GSnF5SXFtODZuWjhlUzNOX0xVVkxFX1NqLVQxbjdMbXJBazJmTG1uWVNVS0g3X1V6a2QxVVhvaTIzcFhmRWdqS2tST3BMV0F1M1NZX1BobHVKd3ktREdEVDBSY2pXNFlENjhYNkl2Qm03RS1ORGNNaUg4RHcwcG9PamJpRi1OT3RMR1N5Q1FPekpHWVpTMUliaDh3UER3X1BzR2ZnUVFUVEhlWThtSVFjQ1FQZ1pwUEFiS3ZIWFZz?oc=5,UOL,Pendente de validação,Resultado de pesquisa RSS; confirmar na fonte primária antes de integrar.
CAND-a079043364c5,2026-09-23T07:36:11+00:00,pneus promoção Portugal Goodyear,Como a investigação de uma viúva abalou a multinacional de pneus Goodyear - contacto.lu,https://news.google.com/rss/articles/CBMivwFBVV95cUxNSGR1N1ZDd3BVTjVjSW1iMG1SWWl1RmZiekxTaU5Vby1HSllBWGZ6VHFXTVBraU1WQnlPM0NnWExKcWZHQkE0cEFrMWlsN3YwVDIydVNuTm5KeGxPanBOQ04teW1YdVhLOGFaVHVheFVJdkxRemMtOVdYVWVsa0h4LUpnY0lzaUh1Ui11ZWIwNEpNbWtrWFg5T3U5cF9TWjlmWHNEVVdjdHhmWWoyWDhRNGFNWXRVMnItNWxHVDRoQQ?oc=5,contacto.lu,Pendente de validação,Resultado de pesquisa RSS; confirmar na fonte primária antes de integrar.
CAND-1f758d16c082,2026-09-23T07:36:11+00:00,pneus promoção Portugal Goodyear,Quais são os melhores pneus do mercado? - Razão Automóvel,https://news.google.com/rss/articles/CBMihgFBVV95cUxQYkttNU5NQU1ma2tWQXVQOUxSODhzbFVkREY4NkFsYk85emt5eTNsdU1PWVlmUDZKOTFkLTExajZrNDV2cjhpRXJvWmNTVEJabXA5Znp3SFdXckdGdDRHTjhMRFFtY3pPWWdTZms0NkJweFFBN2ZDaWo3SFBvVWszSVU5OGFlUQ?oc=5,Razão Automóvel,Pendente de validação,Resultado de pesquisa RSS; confirmar na fonte primária antes de integrar.
CAND-0e901ff0f85f,2026-09-23T07:36:11+00:00,pneus promoção Portugal Goodyear,"Euromaster Anino Pneus: Raízes, passagem de testemunho e actualidade, com Ricardo e Emílio Anino - Correio de Lagos",https://news.google.com/rss/articles/CBMimwFBVV95cUxNU091NmNWNjF2Zk5PM2s3NDAtNnNVcExvLW9XbHdOWXhfZHNUUFRpQlZzRWJIbFAxNVhsU3JsLW43MENOejA5Y1ZwU3FmQlJsVlhoRVJ0VUItcGRPRnhHdUxHVFctRTV6MUJ3MDJWeDB0QlNEOTNYRGx4T0xxVnlxdnE1NEtpNXJ5dFNVNExDcWVzTWdpdDZheEtIRQ?oc=5,Correio de Lagos,Pendente de validação,Resultado de pesquisa RSS; confirmar na fonte primária antes de integrar.
CAND-c7511ba2d37d,2026-09-23T07:36:11+00:00,pneus promoção Portugal Goodyear,Goodyear é o fornecedor de pneus da Taça BMW M2 - revistadospneus.com,https://news.google.com/rss/articles/CBMilAFBVV95cUxNWDBWVF9mMFBDMHg2Ynlia2FGQkNtRjBOSXlIMm5VUGQ5OUNhMkgyaUQ0Mm5ZeHl0emNRQUJkM0VnVXd1Mk1fXzkyRHUzS250VUg3WG1ZRlFUNGFLczZQdDdvNXJ5MlhtREFlQUl1QmI2cUQzSl9Hc3JTNmJ6QzhrUlFydks0TElnU0d1M2NEZlRIeTAz?oc=5,revistadospneus.com,Pendente de validação,Resultado de pesquisa RSS; confirmar na fonte primária antes de integrar.
CAND-3f39f445d761,2026-09-23T07:36:11+00:00,pneus promoção Portugal Goodyear,Vulco incorpora três novos centros na sua rede de oficinas em Portugal - news.goodyear.eu,https://news.google.com/rss/articles/CBMipAFBVV95cUxOSTRRcHJTeGtuUko5NGxldnhGd1I2a2w4MkRnSXhCVzJkUVFVOXNZa05GWExud0xLLVAyY0dGMktMdndBeU1GSDgxRGRUaEJDS1RaTEdFVFJ0MlN6R1VoSlF3eWZHM1JuQXNyWUxaQnQ4WWJRTzJJUU55WGh0MFdlUUZkVl9PRlAzcExwUko3Y3RBR3lGRHpMNEdHVTRRSnB4N2d4cQ?oc=5,news.goodyear.eu,Pendente de validação,Resultado de pesquisa RSS; confirmar na fonte primária antes de integrar.
CAND-6aee1d713489,2026-09-23T07:36:11+00:00,pneus promoção Portugal Goodyear,Incêndio na fábrica de pneus Goodyear já foi extinto. Há 11 feridos - contacto.lu,https://news.google.com/rss/articles/CBMitwFBVV95cUxOYm41b2lhM2pIWmhNY0FjWE5uNDlvVnZYTFBXYnJsT0JmNUlEUlVTc05zdTUtWTlVbldsektiT0lYWkVzMTJtM19qSjhxODdLT0t1TEJKR25IcHBoOEJGM3VKOUZMSWZvQmVEQnBaT2ZHVWdpZF9MYzFUa05rVXV4dU1VWUQ1a3lsTHdnR24tUUlXVVVsR3lzNUw4UVJHWERsd0RFTU1aaWdQU0tKek9XUzZNUllWUDg?oc=5,contacto.lu,Pendente de validação,Resultado de pesquisa RSS; confirmar na fonte primária antes de integrar.
CAND-4fe64a5f6e93,2026-09-23T07:36:11+00:00,pneus promoção Portugal Goodyear,Filipe Albuquerque vence prémio Goodyear Wingfoot - revistadospneus.com,https://news.google.com/rss/articles/CBMilwFBVV95cUxOWDNvZGpHNlRvWmoxTVhpUXVrdVRxdU9IVk5ZSDdFTkJ5QXVzRDBOQzhkYV9UZFFTd1l3bzQxeXpZbkUwLWZDMXBxOU5XN1ZKZUIwcTAzRC01amhBNzV0UHRBOVlLSVk0U2E4bThtZmVKLTZwb0RlZTVyS2lZYm5jalhRWmc5YThBX21sN1NqaThWcjUxU2Jv?oc=5,revistadospneus.com,Pendente de validação,Resultado de pesquisa RSS; confirmar na fonte primária antes de integrar.
CAND-84a2f5dfae37,2026-09-23T07:36:11+00:00,pneus promoção Portugal Goodyear,Dylan Pereira. “Estou em choque. É o terceiro amigo que morre nas pistas” - contacto.lu,https://news.google.com/rss/articles/CBMiuAFBVV95cUxOcG8tRmprMlFQYmR0ZTRURkN2RUV2OFpoa2tQMDBFQWVPMGlCbHQzZkFXdXgtMHp4MkpJbXRRWXNiZWJpdkJRT0MwWS14SnJrLThSbG9iVGZvalkzYndWZFY3czQ2NlBtZ0MwWDNwNnlGVFhIZExjVGdVZGtKVTF4QXROb1NDaXd5WEVGQWRaZWIwZ2t1RjNoWURjRlMtX1dyNXNoQjZCbkZRWEhrRGFzbnVVaDNMRjh0?oc=5,contacto.lu,Pendente de validação,Resultado de pesquisa RSS; confirmar na fonte primária antes de integrar.
CAND-67656db65987,2026-09-23T07:36:11+00:00,pneus promoção Portugal Goodyear,Piloto luxemburguês morre em 'test drive' na Alemanha - contacto.lu,https://news.google.com/rss/articles/CBMingFBVV95cUxQSXEzWXlaWUlyZ0JFR1dBMENJaXlZamhLLVlkbDZ5Rk9MZURVakdTYm5TNXllSW04dDg5Q21EbzlKNk1uWVUtZThhMkFIdTBmY0R1cmNNMm5MaDJSZFNaN2lWRmhzREd1dktrNm52SzZzME5pUWVJWHJsREhyeTI1QS1ndXE0dEVTaEJWbGQxUWw5eVM0QlFmTTYyYl9fZw?oc=5,contacto.lu,Pendente de validação,Resultado de pesquisa RSS; confirmar na fonte primária antes de integrar.
CAND-5132448ee960,2026-09-23T07:36:11+00:00,pneus promoção Portugal Goodyear,David dos Pneus: Vulco amplia rede em Setúbal - fleetmagazine.pt,https://news.google.com/rss/articles/CBMiekFVX3lxTFBMa0V2SFV1VlBGS2JTQ3NnQWR1cTVVQ3RrNWpHbUtMRmJKMnBxODZYVlhHY094Vng1SXdBQm8yZHNnM1EyRm1BWFM1SVUyUm90OEIxVkJvdzNUeWNKM0dUTVhPLXFnWUdfQmxIYjZZYTR0ZmJUSUNxN3pn?oc=5,fleetmagazine.pt,Pendente de validação,Resultado de pesquisa RSS; confirmar na fonte primária antes de integrar.
CAND-75c3b84653a1,2026-09-23T07:36:11+00:00,pneus promoção Portugal Goodyear,Volkswagen ID. Cross: o conceito 100% elétrico do T-Cross foi revelado - 4gnews,https://news.google.com/rss/articles/CBMijwFBVV95cUxPdWFwSEdHVjJxVmVHZHlxUEpjR2lCWE9JeVdNemRmRzVkWjVjRDc2dVdPc2lJRDNHTHNfS1JWZDJ1U2cxckxEVEJVcXFlZUN4cEdzVFhVM0RWeDRDdkVSU2J4LVF2ci1KWHQ1MUVUQzRLRDAxTDNPbndZakNsY19sX1J1bGJSWEMtdEE0S19TYw?oc=5,4gnews,Pendente de validação,Resultado de pesquisa RSS; confirmar na fonte primária antes de integrar.
CAND-92caacef542d,2026-09-23T07:36:11+00:00,pneus promoção Portugal Goodyear,Mais caro que um carro de luxo: trocar os 12 pneus do NEW HOLLAND T9 pode custar mais de R$ 420 mil em manutenção - CPG Click Petróleo e Gás,https://news.google.com/rss/articles/CBMikAJBVV95cUxQQ1hNRU1BbXV2ZkdGM3VpUVNQYVM4QVJYU2k1MS1KYnp4UV96NEotOEUxcVlRRUtaZW9xLXNMOUlteVpDV2hLV01VcTg0TW5uQ0pCalVqRk4tSk81RVR3YVRSMC1uc04wSkhiTFZnS09WMjNzMVBDLW9wVkRxMVRTTEtiYTNoVUxhczZIcjFWNnBSenBXYl9iVlZGNlRlbFV3dHpnRnpCSXBLc0JnNGxmTGhPd2o2Q1pyRmVPWG8yWXotXzgxclNsRlFVMjJkSE8xNXNZNVhxY1lzQmxoc2d6SldjX0c1QVZtSlY4NWU1M2R1YjJaZEZxMUJfR3I5ZVJIR1Izc1FIWWlBbi05czNmQw?oc=5,CPG Click Petróleo e Gás,Pendente de validação,Resultado de pesquisa RSS; confirmar na fonte primária antes de integrar.
CAND-e8846b48b087,2026-09-23T07:36:11+00:00,pneus promoção Portugal Goodyear,F1: Pneu de Senna em Donington-93 vira joia luxuosa; veja preço - MotorSport.com.br,https://news.google.com/rss/articles/CBMisAFBVV95cUxPbEgxUFdBXzNLcGE3dTc5eVozMGNRZDZnbUVJQlNtUVBXY2RlNy14SzFUZE5WaURKckVLMERKWm8zU1JEdlRWMDllaDRyRGxyTjF1dTI3bVp1VlVTRzZUSnlzOG9nd1lBOWFMU1djMzE3N3I4UjZXTm1fcUJnNHJRejhQaVBTSVY0VEd2UFh6cGFLeWhYUl9XR1lnVENMRXFaSlJsZ0ItVUFKZW5uQjVWdw?oc=5,MotorSport.com.br,Pendente de validação,Resultado de pesquisa RSS; confirmar na fonte primária antes de integrar.
CAND-e34810ec9563,2026-09-23T07:36:11+00:00,pneus promoção Portugal Goodyear,CES 2025 - Pneus inteligentes da Goodyear detectam chuva e gelo para melhorar frenagens de emergência - Marcas pelo Mundo,https://news.google.com/rss/articles/CBMi7AFBVV95cUxNQ1dYNXRid1FtRWc1RUkxVUJDWThvbk4wcWJvVmk5clhJV19ERnM2MW1UUE9EQjJLMUVTY1ZIeHcyUWNCVms0Vmg4cW9xWHFmcHk4ZzFJN0w2WEdqUm8zX0owSno2UjRyVHlGNE9rUzdrVXIydVo5RDhOZ3RoTFRzVF9lQ2R4ajZyMktzSjZFQnRLSVJEelhMOTl0dmdiOHNXR05HQ0dFeEMtd3MyQkZyMEVDVU5MeEYzYmEyRDBQYXJheUFSZUZXOWdxZV8xV1hyZUtjRXhJZ0FOVDY0WVdLaS1KelpVUnY1eHRiMQ?oc=5,Marcas pelo Mundo,Pendente de validação,Resultado de pesquisa RSS; confirmar na fonte primária antes de integrar.
CAND-f6f8d8e90e2a,2026-09-23T07:36:11+00:00,pneus promoção Portugal Goodyear,"Conheça os pneus sem ar da Goodyear que não furam, duram mais e já estão sendo testados - CPG Click Petróleo e Gás",https://news.google.com/rss/articles/CBMixAFBVV95cUxPdGZmSzFsV3Yydkc1bHc3OWZKYTY3dkJFTEYxX2M3ZXVZRlBFQlVoaVE3SzZoZEZVTi1LaUZZeFktSGtycGdXYkN5bmdjWEdhMXplSUpYQlVOMWdnQkw1X3BnUl9GOGVQMmFOU0ZLbzlQcDJZd29zdVZEanp5eEdVejNwQUFHLUNDMVF1emlkaS1kUHhYMnJWdzdITHFJNjktX2h6eVY4UWRtb19aZ1hyVGlnd1BTdEd0elFqRmQ2MHVHdG11?oc=5,CPG Click Petróleo e Gás,Pendente de validação,Resultado de pesquisa RSS; confirmar na fonte primária antes de integrar.
CAND-10056cc2da0d,2026-09-23T07:36:11+00:00,pneus campanha Portugal Hankook,"Hankook e os pneus do WRC: desafios, poucos testes, logística e mais performance - autosport.pt",https://news.google.com/rss/articles/CBMiswFBVV95cUxOQk5JcmFrN1JqR3ZZbGhYQ054dl85anlYeFd5aFpQY3RJbmJSSlNuUzJoSnh5aHFkN3pHcURyUWJEWWtnRU5vSWM5Z2NseUE2LU5mOEtTSHlDS1VrNkE1UU1fSVJ6MHhERHZEUlp3T0h3d2x1WkkxU0hya2tFbjVOOHlJSFVzUDN6VFlYWkVvRnhCZ0VnaXBpb3FUQnRudnVBZ3Bja0ZDeENkNDZrTjVwamNkOA?oc=5,autosport.pt,Pendente de validação,Resultado de pesquisa RSS; confirmar na fonte primária antes de integrar.
CAND-ecf6b5991661,2026-09-23T07:36:11+00:00,pneus campanha Portugal Hankook,BYD Dolphin Mini volta a ter pneu de fábrica que não existe para reposição - Autoesporte,https://news.google.com/rss/articles/CBMi0AFBVV95cUxOWGVtcFNhelpWT3NXR3poMG5wbzZWNlpwV2xSMTNnOFJTbVp4SzRxNTV3ZXZqakN1R3ZhNjdiNDd0QVViR3dNdlFRd25GVzY4RXNvTEo2ak1HcG8yeUVORV9ISGtmNlpqRURiM1BPbzB0cjBCajVMWkgxTEoxNG1DVjhiVUd0SmdEank0NmZpc3lkbDRTQ0dYeFR3cmM2X3IzUGs2SWtaS0Y1N0k2OEl6T1M4a2dnd1JPRDhocVQtcnp5Y1FoY2dpUENiM3dtd1RX0gHfAUFVX3lxTE9ld2pVcHR3T3Bqd0tnOFQtd0hjb0g2NU50YmJNd0NGZW1IRmw1LW9vMDJvR3F5a3I4NXc2OXFVUVFOcUV3MDFaa2lJRVZJbmlhSXhaM0pFcktybGJIVHR2UndQM0FVeFZIV3Q1LVR0THdpSTE3TURVSE5MUl9kY0hvaHhtank3RnI2NDJvbGZVU0U5TzBIaVR6SEs0SlRMeHFFclFxMmdVclFaaUJxc3p5d1dlSEJod0pwaDEzcTQyUUdKLUE4TTBpSHo3azRYVFlGby0wLTE4cDltZjFwV2M?oc=5,Autoesporte,Pendente de validação,Resultado de pesquisa RSS; confirmar na fonte primária antes de integrar.
CAND-cc3c513e3394,2026-09-23T07:36:11+00:00,pneus campanha Portugal Hankook,Pilotos do WRC recebem pneus mais resistentes para o Rali de Portugal - A Bola,https://news.google.com/rss/articles/CBMiuwFBVV95cUxPdFNzVXRCNUNKaEtGa0pqMDFiMnVVSWt6TllBRmNjZDl2WUNUdW9ObXdHUWpSWURjY21Tdi1LaVlrdlNkNjNPa19oUVJBbEFsYjdoZHVuT0FCX2RERkJ5elFSVWc1R2VUTlJYQk5jVTIxaWw1Y2V1X3BJb3NJbXJwVDdqb3ZRUnd3Y0NIWHFmWmFYLWRpUWtjTWEyRXFLRHVBa3dybS1ZS2FGdEtfc1FlWERiSF80a3pLYnVz?oc=5,A Bola,Pendente de validação,Resultado de pesquisa RSS; confirmar na fonte primária antes de integrar.
CAND-b6f87558fc74,2026-09-23T07:36:11+00:00,pneus campanha Portugal Hankook,Hankook Tire lança nova sub-marca Optimo na Europa - Revista Pós-Venda,https://news.google.com/rss/articles/CBMie0FVX3lxTE5wbjg0ckVkdTJRSnhfb1hVQ1dIQlczZlFOOURLT2lZdlZKZTJZMHM4ZWtYN3huclVPU2tON1UtOGRFRzFmV05lT1N2MHdRMkdNVHUzc0lNcHRoak5GNGdiWWo0Q2tsS3QxcWVySVkxbTFXTlpOdVFCOTdoWQ?oc=5,Revista Pós-Venda,Pendente de validação,Resultado de pesquisa RSS; confirmar na fonte primária antes de integrar.
CAND-82ff212cc4d3,2026-09-23T07:36:11+00:00,pneus campanha Portugal Hankook,Laufenn celebra dez anos na Europa - revistadospneus.com,https://news.google.com/rss/articles/CBMigwFBVV95cUxNajA0UTBzOFQtRHk0bVZDM2c1UUI5UG1XbVR0a2RsZjVpTFhDU0pOQjdtNXRyX3NMYjBicVZDT25fOGhXckNFUlVnYnN1TWx0aThzNFdMZ001eTdfLVhTQ185R3dEMDRHU2Y1RmlaU2t2SXhjdjBoSmtKS2hROHRVbVpJYw?oc=5,revistadospneus.com,Pendente de validação,Resultado de pesquisa RSS; confirmar na fonte primária antes de integrar.
CAND-65e5ea09afae,2026-09-23T07:36:11+00:00,pneus campanha Portugal Hankook,Hankook é o novo fornecedor de pneus do Mundial de ralis - dnoticias.pt,https://news.google.com/rss/articles/CBMioAFBVV95cUxNVE5MRlpMLTdiM0Yybjgtdm5vNm9takxmc3d4d3NUWUFUR1JTcTBaZVdmYkI2YXI0VmVQZDBGSjkwZklQLTctaGxHRmNBSEFINW5jOTU0SnR0dDlzZW54MGpnNjFsaHB1SmJjdk5rczFsTzN6NEdoQ1Z1d2dGMEdMT1BtcVl6bjQtaWN4SWtIcnRYZkNrZkxlMW5Ock9raXdw?oc=5,dnoticias.pt,Pendente de validação,Resultado de pesquisa RSS; confirmar na fonte primária antes de integrar.
CAND-d174c0364fea,2026-09-23T07:36:11+00:00,pneus campanha Portugal Hankook,"Análise: WRC sem híbridos, com novos pneus e sem palavrões… - WRC Vodafone Rally de Portugal",https://news.google.com/rss/articles/CBMib0FVX3lxTE1zRmEwTDVfYi1MRWVBZGp2Uk5vTHRzTUxoOEdTNW9zN0FReG1YTEpYempjSWJqOU51Q1U5ZDFLcTVuWGdMZ0tJSVA5RlF1dWltdUlJeGZ3SHhYZVVDbnRLaW1ha1hYTy0wUElKQkJCVQ?oc=5,WRC Vodafone Rally de Portugal,Pendente de validação,Resultado de pesquisa RSS; confirmar na fonte primária antes de integrar.
CAND-4fcb7f706048,2026-09-23T07:36:11+00:00,pneus campanha Portugal Hankook,"Cascalho, gravilha e um resultado sólido da Hankook Tire na etapa 5 do WRC Vodafone Rally de Portugal - PR Newswire",https://news.google.com/rss/articles/CBMi_gFBVV95cUxOWjVNV296QjVlU05VTGtrcjlMcE10WU0ySzV6aXhlWENRMjBaNDBZak15YndDMU9tR2hva0JDXzVUUjI3ZG1SanVtamFiMUdZUkNya0lQZnVEYVdVNUJxMjBtVVluVDJTMTlWLUZFWS1HN3lMTEV5M0ZEQkdidzBueDh6RTVrSmczbWhfem1FNk1rMUxRbkZ4LUp0MFJNcjFJR3FFbFh0eHRLa2NnREstaExJeGx3RDhoNU5GUmVTbll0RVFVWHJtMElaYXR2dFpVTVdWbDFGVTQ1TDVTR3BKNFlYSzl6c19QTEFkeHNYMDdIeU05aXg2aUV4TGxMQQ?oc=5,PR Newswire,Pendente de validação,Resultado de pesquisa RSS; confirmar na fonte primária antes de integrar.
CAND-d2ee366d44a5,2026-09-23T07:36:11+00:00,pneus campanha Portugal Hankook,Calendário definido no Portugal Rally Series - Ralis Online,https://news.google.com/rss/articles/CBMieEFVX3lxTE50T0djZjktVjh1Z1ZYRzNOMHZOekE3Z2FMTEZiVnJrTXM4MVVYVGJldXU5WUMtS3RPd2M4dXJucWRoLVhFQ2UyZWRBQTIxdzNDUTdvS2lCeDZjSFdMV1Z4UGJZSlNVSXA4eE9XemRFUUFKNzZOU2tOTA?oc=5,Ralis Online,Pendente de validação,Resultado de pesquisa RSS; confirmar na fonte primária antes de integrar.
CAND-9c22567df417,2026-09-23T07:36:11+00:00,pneus campanha Portugal Hankook,Marta Monteiro nova responsável de vendas para Portugal da Hankook - Revista Pós-Venda,https://news.google.com/rss/articles/CBMikAFBVV95cUxPdUxySUlmUnRHVjF3RVdKcE11WVVyM2p4bWp4R3hOM3M1MzVuOWVqT1QtZzB4Qzc0YXNyWHhvbGE1eXM5SXROQ2p6ajk0ZW1lZ0p1R1ZfNS1vc1dsTlhOYmozcXRNQW1ZTEtJNkktNkFrVXM5YWxMemJrMFVReU9oN2pPcThIWHB1TUhJWm5PYlA?oc=5,Revista Pós-Venda,Pendente de validação,Resultado de pesquisa RSS; confirmar na fonte primária antes de integrar.
CAND-ef334159041c,2026-09-23T07:36:11+00:00,pneus campanha Portugal Hankook,Hankook equipa Mercedes-AMG GT Coupé - revistadospneus.com,https://news.google.com/rss/articles/CBMihgFBVV95cUxNV0lGbHhkOXg1UmkxNE1nczVmVFdjcWZNTHBEUUo1UnFoRUZMNnVzMmJBa3g3R25yVXMtanYzeUlUblBEMU8wWE9mVnpZSlJFRHRlbVZMZkpVSk9MaEw2aFo4N2tkVHAwMUdCbXFWSTQ5SGx4X2xyS0tVcFJMWFhHS216dU9Udw?oc=5,revistadospneus.com,Pendente de validação,Resultado de pesquisa RSS; confirmar na fonte primária antes de integrar.
CAND-39a852200360,2026-09-23T07:36:11+00:00,pneus campanha Portugal Hankook,Média de 60 pneus por equipa - WRC Vodafone Rally de Portugal,https://news.google.com/rss/articles/CBMiaEFVX3lxTE8tZkVYWUJKN3N2OFRKVmxuSXVlQkVNZHNVcUROOTFDWUMxSVN5VFNsa1R1REJWUVlqcEF2cEg1X0laVnlpV216SWllZHc1TTZFV2VTTm11U0NueFVtNnk1SG4zbHVpVmxz?oc=5,WRC Vodafone Rally de Portugal,Pendente de validação,Resultado de pesquisa RSS; confirmar na fonte primária antes de integrar.
CAND-6336afc70314,2026-09-23T07:36:11+00:00,pneus campanha Portugal Hankook,Estes pneus duram mais do que os outros. Conheça quais são - Notícias ao Minuto,https://news.google.com/rss/articles/CBMipgFBVV95cUxNRV93RkFxV0o2cXhqYXJyaEMwWTk3WDJsanM3RVBPazdVZmRISGZObmxId3VhUjVScEU0cU12Njhxd0N4ZmNYSkZhckJFODM1bFY0OGR5dHZhSmFpTXpNdEp3eWZPUmdraGMxdnpjUGVxWDBxZjN1WHZnNHNYeUMxT3hWRnNJTVlJUWlqS21VcjFFdFhEUUR5b2NXM2NBM2FwTHlFdFd3?oc=5,Notícias ao Minuto,Pendente de validação,Resultado de pesquisa RSS; confirmar na fonte primária antes de integrar.
CAND-61886811a3fd,2026-09-23T07:36:11+00:00,pneus campanha Portugal Hankook,"WRC, Rali do Paraguai: as Causas dos problemas com os pneus - autosport.pt",https://news.google.com/rss/articles/CBMikwFBVV95cUxOVXV5aUJCNGZDV1VldHRaR0pabjlNZjlEWHBVMWJjdzVaLVcwZVFfYTRKaDFHTW9zdUdpZjBrT3lPNlZNRVpLX0N6Yll6b1ZFZ0p3ZWlBM0xsYVNqXzVnWVNOOFVuSGhQbUFOTkRWNlV0d3M4QXZUT1BPVzZOaUI4djZqeVJEaF9uZmdhbFRUdHBlYUE?oc=5,autosport.pt,Pendente de validação,Resultado de pesquisa RSS; confirmar na fonte primária antes de integrar.
CAND-5f1d7a9b1d79,2026-09-23T07:36:11+00:00,pneus campanha Portugal Hankook,Hankook nomeada Fabricante do Ano pela Auto Bild - revistadospneus.com,https://news.google.com/rss/articles/CBMilgFBVV95cUxOeDIxVUxVaE1sMXY2bGRPWGRjR0JPei00dTB3dGZ5X3VXeFJEM0MybHJrTHlHS1c4Yk9nQkRnbnpxZ2hmNV9pVEpGUUJaVFFiam1kX3BmQTJUbWtWQUpXcUxiZkZEWjNYMHpTMVJ1a2hIRUFpMmhsbGMwZjNHekxKb2RteTU0MTVzRktiLXB2eWlhSnhwdEE?oc=5,revistadospneus.com,Pendente de validação,Resultado de pesquisa RSS; confirmar na fonte primária antes de integrar.
CAND-4331755becb9,2026-09-23T07:36:11+00:00,pneus campanha Portugal Hankook,WRC entra numa nova era com a Hankook - autosport.pt,https://news.google.com/rss/articles/CBMifkFVX3lxTE1STXktVWNxVEdGVi1fRThibm5KTGV6anJJd19ZUmZ1UWZWZnVtbkdtdnFORWRCTWZiVXU2MHh1Y3N0SEIzeHZ1cFZ0T2J2VEhJd2RyVDVmRFpmenJjZVBsSFo2UEdqbnB1SjhBSFFIYW10WnYtVjNGSkQtSXpaZw?oc=5,autosport.pt,Pendente de validação,Resultado de pesquisa RSS; confirmar na fonte primária antes de integrar.
CAND-4f0a5dbe027f,2026-09-23T07:36:11+00:00,pneus campanha Portugal Hankook,Hankook tem novo diretor comercial e de marketing ibérico - Revista Pós-Venda,https://news.google.com/rss/articles/CBMieEFVX3lxTE1pMFU0blVrTTNDcEllT1FCYU5vY05oalloTHB2b2k4TFlJTjhhak5wRGVsZi16WHhHLWJYWi13VHFXeGdhd1FuelFUdzI0OTZwX1NXRkYzQkpCS1JtUUxyQV90TkZ0UGRJN0o4MkU4MWkxY1o1dWV5Rw?oc=5,Revista Pós-Venda,Pendente de validação,Resultado de pesquisa RSS; confirmar na fonte primária antes de integrar.
CAND-0a215ddb7e1b,2026-09-23T07:36:11+00:00,pneus campanha Portugal Hankook,Maxxis ganha prestigiado Prémio Red Dot 2025 - revistadospneus.com,https://news.google.com/rss/articles/CBMikAFBVV95cUxQcXVDYzJ5a2lwRDBkbFR2TWFVMGEyWjV3UXh2YlQ3VHgtRTlaMmFPcG1jZ092Vm9HV0ZXZGRCTXpSMm43d1N6WmJ2TzlETzZfeTN0YzRuTUtQT2p4MVVENXFjR2R5bGtIb3lDaGs1ZUVHNF93bmZ1NU9abjl6RWJwa0FXTW1wbUpVblBTNzd1WHk?oc=5,revistadospneus.com,Pendente de validação,Resultado de pesquisa RSS; confirmar na fonte primária antes de integrar.
CAND-7c692201a07f,2026-09-23T07:36:11+00:00,pneus campanha Portugal Hankook,Laufenn é a segunda marca da Hankook para a Europa - Revista Pós-Venda,https://news.google.com/rss/articles/CBMie0FVX3lxTE9KYldpTVR2WHBaZjFHdFFGZExnS0g1TkVPMDZxWDFJcnZ5TGdaU3k1aEFpd0VDSnFscnVmdy1iLThuelNmQlVUaU9IRUZ3dTViUFBENWJVbHdiU0xCd0NkNGJDVDFhUHFkM1ZqNVE1RV9GWTdYNV9kdWlaaw?oc=5,Revista Pós-Venda,Pendente de validação,Resultado de pesquisa RSS; confirmar na fonte primária antes de integrar.
CAND-76686ab6f975,2026-09-23T07:36:11+00:00,pneus campanha Portugal Hankook,Hankook equipou equipa vencedora da Série W - revistadospneus.com,https://news.google.com/rss/articles/CBMijwFBVV95cUxNWjg2Q2Uxc25vYXRfVUN3UUNYOU1IT2MxTFEwTURSblZoRnhmeFNlUDlucUp3UUlTcXN3Mnc2ZG5NSXFxdktJcDJfX1pvelhwcjJ0czdjckpfb0hvclN0WTh5RkJHeUtFTjNwSk1waHZNM0pEX0s0WFhwVmIwbTBfdmtBeFVpOVh6Q29yVmFjTQ?oc=5,revistadospneus.com,Pendente de validação,Resultado de pesquisa RSS; confirmar na fonte primária antes de integrar.
CAND-452a47114eb2,2026-09-23T07:36:11+00:00,pneus campanha Portugal Hankook,Este Ford Mustang com motor V8 de 440 cv veste as cores da polícia alemã - Notícias ao Minuto,https://news.google.com/rss/articles/CBMiugFBVV95cUxNOVkyMGpsT2F4RHdwQUJfUGJzNGVocW1oSnFTN0QwVFAyRS1hVDlXUUpqRWtlYlZHYTF2QjZvZjRNVVFid1dhZUdPem03dVk2QXFCWHA4RFNVVl9KeTAzTHlBT1ZlOFA1QVVHYVo1aUlGSUhhbVRESWNSb0RuaVo5NGtWcXVhS0xISmg5RTNoZTdhM2MxUUZjRWZBUGlvU284cW9nNmRHMjRENU9Zcm5LZmdjeTZEZWhpYlE?oc=5,Notícias ao Minuto,Pendente de validação,Resultado de pesquisa RSS; confirmar na fonte primária antes de integrar.
CAND-36e87ea20edf,2026-09-23T07:36:11+00:00,pneus campanha Portugal Hankook,Roady festeja 26º aniversário com campanha especial - Semanário Alto Minho,https://news.google.com/rss/articles/CBMilwFBVV95cUxOd3JGY0V0S2IzeE9BUmNDX2l3X2NiVEtzZVZUTG9MUmlreHJhZ0dOSm9fLWUxRG01bVJ5eks5N25KeXNFRlNGSkxDc3ZhZHVZbjNSTHhpdUVldXpya25rMEtnWngtbW5jMG9wbUw1UnZReFhiVnh5Z09peFRYOWo2dDlKWDVzRUlUX2NGdk5oVUZEX2NjWVlj?oc=5,Semanário Alto Minho,Pendente de validação,Resultado de pesquisa RSS; confirmar na fonte primária antes de integrar.
CAND-e7829a7f51af,2026-09-23T07:36:11+00:00,pneus campanha Portugal Hankook,Hankook equipa o novo BMW M5 com pneus de alto desempenho Ventus S1 evo Z - Highmotor,https://news.google.com/rss/articles/CBMipAFBVV95cUxPN0M2ZGJJZjB4clJMa0FFdFlDbENMb0Z3MHZmU1piZ3hFWFpyM1hMOTUtR0VSdkh6WFNqM1RhNmhpTzRjWWwyWDdNaXN4ajhGOFRWV3RORzZGN0xFZEJic09kRzNjTFhGWk1CU2lJVTBpd2VDSWVhOFc5YzR4bldJcUpxbHdHc0VjemxkMWRDQ2lsMVFCUmxwRlFqbGJHM0Vrc2NVYQ?oc=5,Highmotor,Pendente de validação,Resultado de pesquisa RSS; confirmar na fonte primária antes de integrar.
CAND-8656203e0c2e,2026-09-23T07:36:11+00:00,pneus campanha Portugal Hankook,F-1 2026 RECOMEÇA E JÁ SE FALA EM 2027 E 2028 - Autoentusiastas,https://news.google.com/rss/articles/CBMijgFBVV95cUxOc0NHaUkxVXVzdkpaZ29yMkhxSUFQTlU1aVlpTXpsSGRsRFVzcG9jcGdYV0QyVGZ2eWo3STJmQkNESjZBZVM0VUdydGRqTmE4M2Jpb0ZjSVNkZUVVZGtaMTFTcUsyT0tjR09xbHAyQXlwMzZEcVowSDFtRlY2cWI1cV9pbHhmaU9ucEo1Q1Nn?oc=5,Autoentusiastas,Pendente de validação,Resultado de pesquisa RSS; confirmar na fonte primária antes de integrar.
CAND-45637641954d,2026-09-23T07:36:11+00:00,pneus campanha Portugal Hankook,Hankook assume posto da Pirelli e fornece pneus para Stock Car e F4 Brasil em 2023 - Terra,https://news.google.com/rss/articles/CBMihwJBVV95cUxQbUNFWFlkUzBJWkJjenE5T1V0V3BDV1Rkb2hSbFJ5VGp6azl2QUluVHBmUGhyaDJXN1lFMmw0TEhxWFNWLVNrYmNYTVN5NTA1UTlZTGhtQ2s3SFMwemItQmNsUmdJbTZNeHMtcUxRaEVfb3Y2c1ZGdVY5dnhRUEhmVEVSb2NJLTJfeV9tWVZmcWo3OURReU93SVJSLVkwY0xpRTQyeEM5LS01eDM1VHBQQjA3MENKWkY5SVdyblJCaXY4Znp3cUVnRnUwdDVkTVdLWVRzbF9VQUl3UzVtOWIySU1jWXJtMHV4RGlSZVh2MkhoYnZzUDY5cjBkTEdrcVR3cFpqTUw2NA?oc=5,Terra,Pendente de validação,Resultado de pesquisa RSS; confirmar na fonte primária antes de integrar.
CAND-deaa73ddfd85,2026-09-23T07:36:11+00:00,pneus promoção Portugal Continental,Fábrica da Continental em Lousado produz pneus há 80 anos - AICEP,https://news.google.com/rss/articles/CBMipwFBVV95cUxPM3BTQmRlYWZfYlVpcnYzTzVJZjZVUXp4N25KYVpXMGczd0lET3hjRXBJaktjUGJSM3g5dkVYYVZwRHZzWTJGbG10U0VXclBZb2J6QnAwR1R2eF9SbWtHN1hEZWN2RHU4dFBRX21yZ1R5bzE5M2tjdzNtYkQ5X1J6OG11OGNxZzVpSW56U1BJZ2F1cmRxU1NQTElZd0w4WUtONEdYTkczMA?oc=5,AICEP,Pendente de validação,Resultado de pesquisa RSS; confirmar na fonte primária antes de integrar.
CAND-fc9968a2529f,2026-09-23T07:36:11+00:00,pneus promoção Portugal Continental,Agência de marketing SUBA assina estratégia da Continental Pneus para o running - sapo.pt,https://news.google.com/rss/articles/CBMixgFBVV95cUxNYkhRYTRrcGdsMFI0RXgxY1BPZlVkbmlscmthZTlJY0t4d29WaUhfNmYtR0hrZzVfcGlLRGM2ZHEyZ19rTy0wSWlDc0NUaEt2U25LQ3R3NVh4NUNBSy1FYWFna0tQY2ctQno4emVBSXJKNkNqS0tBaVJGRzBIRUdDOTFJVU1odmtvdUk3b3g4OFJzNXk4QmtnRjVWaFhaWGRHeWU0Y3ZUN1BUZmszYjVwUGdtSnVGSXZZVWFtT0Fic210QlduOFE?oc=5,sapo.pt,Pendente de validação,Resultado de pesquisa RSS; confirmar na fonte primária antes de integrar.
CAND-d424d5630187,2026-09-23T07:36:11+00:00,pneus promoção Portugal Continental,Fabricante de pneus Continental passa de lucros a prejuízos de 165 milhões em 2025 - sapo.pt,https://news.google.com/rss/articles/CBMiygFBVV95cUxQaHllMW5RR3VsYnZFRFFlVjRlTzNZLVoxaDFrLTN0S1c1QUVvdmtJdVdBaklsN2dMMkREeHMzeGY2dFZvT1FfTFFUOER1ZmxLNzlHSTZJV3JJZmU2RmtXY2RuLUM5Z0x6VHhXQWlXZUdXT21scUxLOUtkcHB6VlhtQWRNNW1maGo5akxBcGxKcW1jYzRGbG5nNUREYktoNUVxd0tJRndjQ3hDbEpxdzJ0REFNcFhCYjd2a0xVRGRvYWU4b1ZDM0RKLVFn?oc=5,sapo.pt,Pendente de validação,Resultado de pesquisa RSS; confirmar na fonte primária antes de integrar.
CAND-88f1ed14c9bf,2026-09-23T07:36:11+00:00,pneus promoção Portugal Continental,Continental vai descontinuar pneus agrícolas. Fábrica em Portugal será a mais afetada - Jornal de Negócios,https://news.google.com/rss/articles/CBMi2wFBVV95cUxNdTBQN21KWmZGSXFGZkdtSGdxclVUbDRHTUZwYTBVVEpPTHQ0UWtyTTY4eWhMS2dzcXVqdURRX0ZheHJmRVNKekpfOHFSUUpxRC10WXZFd2ppNXRmUEM3emR5aEU3eGppUWlMb1d4V19KeGRMTy04YUNCMWs4SWY2TzUwM3ZrSlBsWVdreW9jZ09fd05MZGtyc1ZoZ0FFYnNKUW5GdmZiXzhWSjNxMFB6emp6bmhTZ3loYTA4YnFCamtrNXhYZEZqb2JldEtMcWY2VEZ5eHRNckpHSEU?oc=5,Jornal de Negócios,Pendente de validação,Resultado de pesquisa RSS; confirmar na fonte primária antes de integrar.
CAND-4fb468fa3819,2026-09-23T07:36:11+00:00,pneus promoção Portugal Continental,"Famalicão reduz pegada carbónica: Continental Mabor garante que tem o pneu ""mais sustentável do mercado"" - Expresso",https://news.google.com/rss/articles/CBMi8AFBVV95cUxQZllHalpQSk1QdS1nam5hVlRBU1MtOUhQWHk1a0NrNFZCM280OUl3MmY1bENvUzllZGNDLVZMblZNSzAzcl9tSXN1d19vUmdqbzdPZnVkN0h6a3FpQXFSUUY2T25GMDU2cWg4ZXhKVnpwY1VXRzM5RnFENjlsLWYyRzhDQkRJYjNkTXdfY2sxMkFvSWJhU1NFbnR5RkhtR3FWSTJBZmlIempEM29WclVQeHc3LTNiOUowazB6VVE5OWg4VmtnUmxIVzRXNy1uSTg5d05oLW5ja2VCbDRiZl96aDBCaVBsMzI4QUt3cnRJVFU?oc=5,Expresso,Pendente de validação,Resultado de pesquisa RSS; confirmar na fonte primária antes de integrar.
CAND-d82387733ea9,2026-09-23T07:36:11+00:00,pneus promoção Portugal Continental,Continental Pneus Portugal oferece seguros Tire Protect - Revista Pós-Venda,https://news.google.com/rss/articles/CBMiggFBVV95cUxQYktzU1B4V25sVmtUUHh4OWpZNlVSaXVrbzJ1Z0VQYVdnbTNKZS1QeVZKdlJvR1UwdmhGOExNZENPb2RQaDZaakRZb2VsNjJHZVhsSEZNMlEzYXBjQVdtLVFjdDZKby1QODRabS01QWdYbmN2R0pPTUlhMEZ5R3E5TjFR?oc=5,Revista Pós-Venda,Pendente de validação,Resultado de pesquisa RSS; confirmar na fonte primária antes de integrar.
CAND-1fd4c3806fa2,2026-09-23T07:36:11+00:00,pneus promoção Portugal Continental,Continental aposta em pneus inteligentes e soluções digitais - revistadospneus.com,https://news.google.com/rss/articles/CBMipgFBVV95cUxOS2RBdUd5SHJqdHJOM0dmUG90OG9FSWpMMWFlM2VoeUV2U1hKTW1wT2c0SlJRaTRhaVJyZ2xuaW9veThpWjBoLUlDYWw4VVQ4b1BkVmJ1amZfbllYSFBCYmtNbnozVDZhUkZXNXFoM2tKZjRXYzMtUVVHWjNFckNNZmZDeGtMb3hWamJBbWFtVkpYak12WkxmWWpDb1d4eGxhQUhYYy1n?oc=5,revistadospneus.com,Pendente de validação,Resultado de pesquisa RSS; confirmar na fonte primária antes de integrar.
CAND-266061ed2b9e,2026-09-23T07:36:11+00:00,pneus promoção Portugal Continental,O que gatos e abelhas têm a ver com pneus? - Automóvel Club de Portugal | ACP,https://news.google.com/rss/articles/CBMingFBVV95cUxPcHB2bzZVbDhSckFZMTBTME5SUzZGVGItQmVkTjBSUlpUcE5SVlZPWkhNU05wdUU2azRhWFFMYTlfSkNoOF9BbzQxSWxQb2ZqaGVIRm1EN0FCUk12X0ZvTGlOazI3aVhOdmpXVjdwRFhkelJHSVJjaWJVVkp5bGpiRmtLd0Vvam1WY1k4RGhrRXJGVThSbDZJcllnYlpDQQ?oc=5,Automóvel Club de Portugal | ACP,Pendente de validação,Resultado de pesquisa RSS; confirmar na fonte primária antes de integrar.
CAND-9f0a87538b5f,2026-09-23T07:36:11+00:00,pneus promoção Portugal Continental,"O que têm estes pneus de especial? São ""amigos do ambiente"" e são portugueses - SIC Notícias",https://news.google.com/rss/articles/CBMiyAFBVV95cUxOY1FyR3BTck5CVXNLSVEtdkN6Q0VRQnJROUFsUzlsNU41UHkxbnJwc20wdFNPTGpYMXRSRUdpQ2o5WmgtdDVUblZJSFRtTmo2N2hYbkZhX0c5eWtITTRLanJGeDVUd1cyWllBSVg3WlJLOWxENXNjUlF5YkE5cVM1ejFGOTcyYmE3bXY2ajJCTG8xbkUyX3ZkMjBNc2dpRVhlRjV1UXdmdmpTeFFCTTI1ZkJpbHVTUlU1ZmNsQUVsWDJvbDNKREtwRg?oc=5,SIC Notícias,Pendente de validação,Resultado de pesquisa RSS; confirmar na fonte primária antes de integrar.
CAND-b85db636ede3,2026-09-23T07:36:11+00:00,pneus promoção Portugal Continental,"Pneus da Continental feitos com garrafas de plástico recicladas são ""made in"" Portugal - Razão Automóvel",https://news.google.com/rss/articles/CBMingFBVV95cUxNZzRsUTJZbEVhdDBiQ1RrZm1fdmEyN1Ryd1dOeEUxSkJ4d0UwUmUtN0FfUjU1eXo5MDQ1OXo0aWVnWXlicWcxNmVWeUFMVUlLTk5QRUdlSDMxOGRNbjhtMG1xQzRzT0ZnVWROTEVIWnlDZTdiaU93Q0tfREhtRVRZcjBQY0Z2a2pQUU9PRXpvS1BFeEhtV0VFenFLZnBQQQ?oc=5,Razão Automóvel,Pendente de validação,Resultado de pesquisa RSS; confirmar na fonte primária antes de integrar.
CAND-26db8567311a,2026-09-23T07:36:11+00:00,pneus promoção Portugal Continental,Fabricante de pneus Continental vai suprimir 7.150 postos de trabalho em todo o mundo - contacto.lu,https://news.google.com/rss/articles/CBMiywFBVV95cUxPTlp5NHhodDJQa1FQN0ZnY0JybEc2bTM1aXptZnJUR1BORnpTUGJid1lmRG5vLWR3MDY1cjVvdjRjaDFObXozVGEzSmk3Q1lmSFAwSG51dGNnS2xRT0lYYV9IcFpPMTlEYThEb0pPNWFSN2RWM3N2VlRDckZFNjRRUEpza3pHd1Nmdm9mMUdFUU4tRG5TcmozQlBxc0FuV2hPMGZDZmRlNFV2Nmh4aGc0ZVB1VDFxX2x6Ni1jWndJNUJSNzAzTHhIcV9BSQ?oc=5,contacto.lu,Pendente de validação,Resultado de pesquisa RSS; confirmar na fonte primária antes de integrar.
CAND-af1a1b40540c,2026-09-23T07:36:11+00:00,pneus promoção Portugal Continental,Marca de pneus Semperit regressa a Portugal pela mão da S. José Pneus - fleetmagazine.pt,https://news.google.com/rss/articles/CBMid0FVX3lxTE51UVBSNkN4MFB5UVhyRzNlRkZsYW5SelFyMzdTLTJHa21CcU95TlhCYkpTTWJ2TDVsQUtQWWxnbjM2Z3IwclotNkhCNmtralZudEU1LWo5VFd1dzMtWGdGVzVjMmdEUFRaQkJwem5pQVhubExlWnBV?oc=5,fleetmagazine.pt,Pendente de validação,Resultado de pesquisa RSS; confirmar na fonte primária antes de integrar.
CAND-576672635c1d,2026-09-23T07:36:11+00:00,pneus promoção Portugal Continental,Continental produz 18 milhões de pneus por ano e emprega 3.200 pessoas em Famalicão - O MINHO,https://news.google.com/rss/articles/CBMipAFBVV95cUxONUpEMG53TThXMHdONU85bjJRaUJ1UUV0TmxRMU9qYkI4eklaUmJxT2hDZUxwQTB0d21wbHRNaDUzNzFBTDdQd2cyVElqVzNsekNGdGdmRTNCN3hEbWFmM28yZEJoN3Fic2lQXzZqYnJJTTRzdi00bFZkVW9jTWRxYlJyQXdOdlJXeVJnTlJKQnhmWlN5anFQNzNwdkhjcE10aXRraw?oc=5,O MINHO,Pendente de validação,Resultado de pesquisa RSS; confirmar na fonte primária antes de integrar.
CAND-a2c059716e26,2026-09-23T07:36:11+00:00,pneus promoção Portugal Continental,Continental vai cortar mais de sete mil empregos. Portugal a salvo - Jornal de Negócios,https://news.google.com/rss/articles/CBMiwgFBVV95cUxQdmxWZ2xSZXhweC1vUmkyX1YzNEh6bmxnbV9aejNNN0poUWItM1JhUktPeDJWVDNXYkdib2Jmc1ZDZThxclc4TFpkdHVuc2R0Y2E1d3dnR0JWY0x1cnZ3eVF5Y0l0a0tSMmVvcW1sU2xEVzhaVjFzX1V5WVM4SF9YdTllR3l5d1BIb2Mta3lXeFhfV2tLMUZaN3BJNEFkX3hhaUVnQlpHeVE0aFJ1YklDcTBaTW1rZmtzT2NDeGw3S3hLZw?oc=5,Jornal de Negócios,Pendente de validação,Resultado de pesquisa RSS; confirmar na fonte primária antes de integrar.
CAND-173374d01957,2026-09-23T07:36:11+00:00,pneus promoção Portugal Continental,Continental investe 150 milhões em Portugal - Expresso,https://news.google.com/rss/articles/CBMiiwFBVV95cUxNZ0N2ZHRzbFhMMUYyMEppbVR2elpESHJQWkVtRnZSMGxIUVRTTmhkZHJCTzBIbEVqQTZ6c2J0V3VvTmNOZ1lHNWEwTzV6R0hEb0hFVDAxNDllUmhWdGhsNENqSnB2RHV5TS12a3RWR2pRbnlNUW91b2RsZTVkSV90MmJudHp2WFpDYzc4?oc=5,Expresso,Pendente de validação,Resultado de pesquisa RSS; confirmar na fonte primária antes de integrar.
CAND-7ab28e549877,2026-09-23T07:36:11+00:00,pneus promoção Portugal Continental,Continental Pneus Portugal assinala regresso com nova campanha - revistadospneus.com,https://news.google.com/rss/articles/CBMiqAFBVV95cUxPeDY1dGFMdjlsT3FWakw1VjhmWkQxb0kxOS14SlEtM0RtdnV0ekhYb3pGcTBJcWhhb280YjFnXzAxS3k1Y2hEdmVMUE5WamhRMjh3YWlBMExsTUVFMVlWdWNDOFY4Vi05NmRTNlBWbVp4bGhBc3ZaaHo2ODNCckJlYml4WkpxUGhKN3pDbVBPeXZlalM3d0IxSFhwN0I1WnpRWXRObE91OVY?oc=5,revistadospneus.com,Pendente de validação,Resultado de pesquisa RSS; confirmar na fonte primária antes de integrar.
CAND-00dde8a545d8,2026-09-23T07:36:11+00:00,pneus promoção Portugal Continental,Fábrica de pneus de Famalicão escapa a plano de despedimentos na Continental - ECO,https://news.google.com/rss/articles/CBMirAFBVV95cUxQZ2tEdFgyUWRwUVFub25tZG9tZTFqcVFydkpCRzluOENqWk1NT2JfaDlKeEdlU3Z6MDRPbVo5d1FDS3Q3ZG94WE9CSjRxSC1iMU1NUnRDSWVNT0FEenBnbFR3cldpQW5BekRIVDVyN2diSXlxSG14anlUS0lUd1JYc0ZvTmczaHlBaUxCREJwZ2IxRFJTbW5jSzdQdFB1ek1oMGFpZFVxVkdJTXBx?oc=5,ECO,Pendente de validação,Resultado de pesquisa RSS; confirmar na fonte primária antes de integrar.
CAND-fbfa1f893ec7,2026-09-23T07:36:11+00:00,pneus promoção Portugal Continental,Fábrica de pneus da Continental em Famalicão acelera produção sustentável - ECO,https://news.google.com/rss/articles/CBMiqAFBVV95cUxPUTY4dUxJR0FRVERIdHNNMlZLNmg2QmozRV95TzFHOTA3VTBMNExmblN0a2pseUUyU0s0Zlk3ZVNNeUJYSDg1ZU1RNmVDQVNIMUhRRDR1a2ZEN1BCYkNoR0NBNE5pZDZzbmNKcGpGVkE4TldtUEdJeHhtUVpwZ1RrODhIR0c1N1VjYXkycGZ5aVdVWUFlQTJQbjFMU0RsbWhUdWh6SnlGQm8?oc=5,ECO,Pendente de validação,Resultado de pesquisa RSS; confirmar na fonte primária antes de integrar.
CAND-9dfd81bbadbc,2026-09-23T07:36:11+00:00,pneus promoção Portugal Continental,Alemã Continental junta operações de Portugal e Espanha. Entrega liderança ibérica a Pedro Teixeira - ECO,https://news.google.com/rss/articles/CBMizAFBVV95cUxON2xvZ1VZdGdSMG9JV0RFbXBaM0NseWRoTTNnRjE2eGZTZ2dObG9NenBpSnZhQ0hqYldWSUNNZ1UwYU9PMjV0X1hTdFdWOENGeGluU21Qc1owbUp6NElVWXdUdmMxRm9mckpydzRlcG5GS2hhSnZzeDhqVzJsYmNHVFdvQS1kSDhra2JNWUcxTXFaWkZQMS1pMjl3T2ludXJPaDhuNl95aGR6LVJPQjJOQUpnZmx4S2VDWHFlZlYzR1c5b0h5Y2dTY0E0eHA?oc=5,ECO,Pendente de validação,Resultado de pesquisa RSS; confirmar na fonte primária antes de integrar.
CAND-4d14fc2ea99e,2026-09-23T07:36:11+00:00,pneus promoção Portugal Continental,Continental “liberta” mais 60 milhões para investir na fábrica de pneus de Famalicão - ECO,https://news.google.com/rss/articles/CBMitAFBVV95cUxPVzh5YktRdmZ4ZENaMldhdTVwSE9rUV9UcUtRU1g3Q1o0ZHNNZHJiMUdRRTdsOHR3VndJTnFmVTRIMkJ6T3dmZi1SUTZWWEVTOFo2UWlCQ21hQS1SeG54WXh6QlJaZGRYV0J4dFNxTWxxNjllTXhLUDZ0Uk16T0tnVmJOSC1wZFdJSURLaGxRdWp6VDlVNkpsS1RCaS1aVlRWTFpEM3BQYkN4N0VIemlPR1hGbFI?oc=5,ECO,Pendente de validação,Resultado de pesquisa RSS; confirmar na fonte primária antes de integrar.
CAND-f538ab7e1242,2026-09-23T07:36:11+00:00,pneus promoção Portugal Continental,Continental Mabor vai investir 100 milhões e criar mais de 100 empregos em Famalicão - Jornal de Negócios,https://news.google.com/rss/articles/CBMi2wFBVV95cUxQcUE3RVAyb0VaZ2hWSjUtNWFiYzNWeGpWTmtaU2k3RVFzM082RUhnV2xZZ3NMcmZJUHA1VFJTN3FZbVVpUHZlNm1qdDFWaXRMTjZCVWotcVM1YnQ0VHJjSjNkbEROODF5SzlvcnVUT3JuTVh2S0I3R18wcTEwM09GeExMUVBwR0dRcEJkWV9CRlFFU1FfSHNIS3lLOEpVakVRLXJOMDVIbXI4RFMzY2xUYTVJZUVKeHo0YmRQSl9nMTZwZnB0RF9rQWRMRWJ0aXhDUDhwQnBIcld3SkHSAdYBQVVfeXFMTW9ZbFpvVV9XT2hSR1BjVDdtdjM4SVZGMkFyTjMwYlFqaTlobE1nWktKbnQyY0NpZTN5VlBvbGFEdlhkOXY1c3dObzF3TlRNbzNlTDJvc3QyZ2lGaDZ0emdDa0NJOEN4THlPV2NQMk53N3NhSm81MC1rT0NaQmMxa2NfdEdwR3lXZFZqcVFmT051U2dteHpHZ2gtM2xNNUdrb3dtM3pob1kwNHY3RFhEY3djWTBkbkcyc0YteVVGYVhRLTFGd28xYzJTUkV4MVVDVTJJdmdDUQ?oc=5,Jornal de Negócios,Pendente de validação,Resultado de pesquisa RSS; confirmar na fonte primária antes de integrar.
CAND-a9b3a85298a2,2026-09-23T07:36:11+00:00,pneus promoção Portugal Continental,Pneus Viking entram no Portfólio da Rodrigues Tyres - Revista Pós-Venda,https://news.google.com/rss/articles/CBMifEFVX3lxTE1vV2Z4NjlwYU5TbVRLNWktVk5lclk0U0hFbEhBV1FHeFpDd1JGMEtaY2dvcGtzSUZSWU10Y1dtUXk5ZUdrdjRVZzBQZU1abzk5SVI0dEMxV3pvZkV4a3hXTWtGN1RPZXBmTko2ODdxV3Y5S2djakNpLU5Sako?oc=5,Revista Pós-Venda,Pendente de validação,Resultado de pesquisa RSS; confirmar na fonte primária antes de integrar.
CAND-8593ed830238,2026-09-23T07:36:11+00:00,pneus promoção Portugal Continental,Continental avalia separar negócio de peças automóvel e avançar com IPO - ECO,https://news.google.com/rss/articles/CBMipgFBVV95cUxQVmxiUW15QlZ0SUZya1pPSWJ1UHlhOHFsVlVOcjhDa1l0WG5aTnQyX0JPN3gxRWYwTWhwbEY4UlhiS0M3MF9EX2QtVUZabVJFY2U4SnN5bkZlV0ZPZmljZUJZSzZpZVhvb29PM2dHS1RfRHYwamRPWVMxSmpVSjdUSGpUX2VlUzNjNVR0azRTc3NuOU9wTTNJZXZEYkRqQWc1a3hjN1pn?oc=5,ECO,Pendente de validação,Resultado de pesquisa RSS; confirmar na fonte primária antes de integrar.
CAND-6ceb068308c5,2026-09-23T07:36:11+00:00,pneus promoção Portugal Continental,BYD Seal U sai de fábrica equipado com pneus Continental - autonews.pt,https://news.google.com/rss/articles/CBMingFBVV95cUxQZ0d3RUdtNFhHNU83X0syeHpQV3JLRlZsTEhxUmlSSF9FXzNDaklqWkNxbVZkV3hsTzBpRjNJTlN3WERBZ3Vvc1IxMWp5MGNSQlhXLWljRi11X0pDdmF0RVlBbS0wMW9tVkFYa3gtLXVYdTNheThiUG1oRlQ4ZzBFeDlndGJVck9OLS1LSFJ4c3p4cXB3bU5oSG9tTjFQUQ?oc=5,autonews.pt,Pendente de validação,Resultado de pesquisa RSS; confirmar na fonte primária antes de integrar.
CAND-8dd673d19a00,2026-09-23T07:36:11+00:00,pneus promoção Portugal Continental,ContiService chega à Madeira com a Pneu Express - Revista Pós-Venda,https://news.google.com/rss/articles/CBMibEFVX3lxTFB4dHZiYTNWTHRmYk9JTXFMeUJhZDNEQ1kxYnIwdTA0YU4zdm9YLUpxd1RrdWlpc3lZek5XQkZFNVpJOER1dElqVGdEMmwtdk5NeFdXTjBjSHB5MlN4TTlOU1lPLWhIeGdjMWtHaw?oc=5,Revista Pós-Venda,Pendente de validação,Resultado de pesquisa RSS; confirmar na fonte primária antes de integrar.
CAND-c9d6f9668c92,2026-09-23T07:36:11+00:00,pneus promoção Portugal Continental,Continental já produziu 450 milhões de pneus em Famalicão - O MINHO,https://news.google.com/rss/articles/CBMiggFBVV95cUxPaW53VUtSejE2QjgxN1BXZ2tHZ3UtTmNBb2s0a3FCYXk2YW4zZHFoOU5hX2V6Wmh1OS1MWkNFOHVEQXFsd1FLcXloZEd1MHZpY0RTb1ZGUm1YNHVBY3hfU2JlRXVDUEdrNk1DT0ZxeGZYLTFXd1pEWUhrSFo0ZjZuazJ3?oc=5,O MINHO,Pendente de validação,Resultado de pesquisa RSS; confirmar na fonte primária antes de integrar.
CAND-c1237db48867,2026-09-23T07:36:11+00:00,pneus promoção Portugal Continental,Continental Pneus Portugal tem novo diretor de marketing - Revista Pós-Venda,https://news.google.com/rss/articles/CBMigwFBVV95cUxQTUhCTWQ5WEZFQ0F0Mmk2TGdMWEtyNVFiMFpUcWhpbVpnR0tWVXh1MUxJREEwd21VZXdoaTNJN19yTXZ4aTM0emRXX21wX2pGUk50LTFyLWtPaXpwclp5aEtiNlZTUy1zQ21LYUtqQW1Mam9EbGZmbGp1UzhjN2NGblpYNA?oc=5,Revista Pós-Venda,Pendente de validação,Resultado de pesquisa RSS; confirmar na fonte primária antes de integrar.
CAND-9b63cf2b9685,2026-09-23T07:36:11+00:00,pneus promoção Portugal Continental,Continental Mabor com lucros de 212 milhões e vendas de 878 milhões em 2017 - Jornal de Negócios,https://news.google.com/rss/articles/CBMizwFBVV95cUxNd3pDZHhnOE1CMFJ0M3E0dVlkeE9iV0pkbnZmOHBCY0R5d3RTbVF5a0dyRDhReW01dVg2ZXc3OGRGY2xHbnhIZDhWUmhXd19HMVdZUFloaElUXzVyQm9acFFYTlRPUkthVWlqX1ZJQjM4X000YnktcFFza0FNS290MC1ScTJBem5pZnhIR0hvSTZaZGp3LWFlM2dsT3IyRWdzaTZEekItMUF6VktCQkU4RWlBVG0yc2I0WUh4OVB5RXQycGxaeUR6cnhvOU9SeWPSAcoBQVVfeXFMTmE1TG5acWdVNWw0cGRLNHFOTXR0ZWtialY3MFpScDFGSUZUSjlnN3FTaVFNX0x2bjVWR3NCMnBPRkhiUWhnaWtWemIwcVJLZnBzTnFqdERWMW9xU2dLMzlsbjhIWjZJV2tCOHNYREpWVWJkTnQ2LTVIUjhDT0FPRF9QYlliaG5WaDA2b04yQThDVTBoVWZaMjJERHJ4VE1vdHNzc1RRU3pLbXhsWGNVWEEtc2FhZW85TjlhbDJQamxaNFBIeWhjZXFjdw?oc=5,Jornal de Negócios,Pendente de validação,Resultado de pesquisa RSS; confirmar na fonte primária antes de integrar.
CAND-d99f8b1ea535,2026-09-23T07:36:11+00:00,pneus promoção Portugal Continental,Alemã Continental estará a equacionar reestruturação profunda - Jornal de Negócios,https://news.google.com/rss/articles/CBMivAFBVV95cUxQNGhSQm9pcjRPR3kwVEpOcUd4UjRlUHFMZGtoUkc1OFNsMVpOQXU2U25Ic1pVVVN2eVp0X2txLUhPcEw0ZHczTi13MTdpR1RxR2RYdTZNY3BzWGwxWG1VMmRNQjRTSG0zOXNkQ245eWd6aWlxTUxyaF9QWDkxVlpobEVyMWVWYlJETmJNRV8tMFhiNDlpMEltczl2LVh6aUNWSHJGYVBMTWFONW9HOThMZHFaclozaTlpSE5SWdIBtwFBVV95cUxQSGtMVmFmdjZ4bm5lQ3lDa3VCeUI0QmJlY2F4VUtzbjVDcXd4X0JPYzJSUFp5UUFCYy01QlBZS0J2cjNIUHd5ekxmdy1TVWVHNXBLR3Yzak9uWlc4NlhWUnJsd25nN2NudFB3MVFSU0JDT2cyTEFveWgzNFd0T1ByTWFNYm5NM1VWcWpPa0UyeG8tWnlET055WkhCQ2tGbmxVdkZxODhES3paWG1PcXo5emdGdmJzVXc?oc=5,Jornal de Negócios,Pendente de validação,Resultado de pesquisa RSS; confirmar na fonte primária antes de integrar.
CAND-7b0a0d071f7f,2026-09-23T07:36:11+00:00,pneus promoção Portugal Continental,Continental lança novo pneu Mabor que estará à venda em seis países - Dinheiro Vivo,https://news.google.com/rss/articles/CBMiqwFBVV95cUxQR2F2TWhoeHVlNWswRWlnNXFNTy1wcW85NktUQ19TZjVlbm1ONU1aSy00TDZVMVhUSXZ1SUpYbXpPVHc1WHFMV3hkaDhPczFJcW80c3hUeHZTX2dtWmdGREE3RW9sbnJ3elV4SVgzemVxakVhS2NtRGVVZm5wQjI3dzZ6dGtUYURCaGtFV0JjVTVQb1Fpc2pHa0RpVWJ2WWRMUXBsaHFKZ2V0T2s?oc=5,Dinheiro Vivo,Pendente de validação,Resultado de pesquisa RSS; confirmar na fonte primária antes de integrar.
CAND-933b41aa5eea,2026-09-23T07:36:11+00:00,pneus promoção Portugal Continental,Continental Pneus abre novo armazém na Castanheira do Ribatejo - fleetmagazine.pt,https://news.google.com/rss/articles/CBMifEFVX3lxTFBOV0hDNXpPeU5ZTElGbWZGTzIyN0gtWHlLUDRuT2pxblFZZC1hZGRFS2Z2VXdoc2NXVVZOTWRkRFZqRDA3QS1TcDZlZ2ZPVWt2Vld6cEwzbGN2Um9MQjZlZUtvVUtEVEI4aXI3emNxOUxKaEQ3RW5zTzZPaFY?oc=5,fleetmagazine.pt,Pendente de validação,Resultado de pesquisa RSS; confirmar na fonte primária antes de integrar.
CAND-9d22f1ad85b1,2026-09-23T07:36:11+00:00,pneus promoção Portugal Continental,Continental: fábrica em Portugal já produz pneus de forma neutra em termos de CO2 - Pplware,https://news.google.com/rss/articles/CBMiswFBVV95cUxNNjdQTEo4NGRtaTQ1eGFfR2NMSm1hM2gtdzVVS0hWR3B1WlFiRzMyeFJaV2RKZFA3NWNJTFo4SU82bGtZNVVINUNRN1dUS2VUcWh3aU9YazRWUjJBbmE0anJhcmlZU1dqTUZCYVpzTmVnNlJ6ZEljbkZIS09QN0VwNUYtTzQwSy04OWZyb3EwdFEyQjdGcXlYM1BFT3hHZXZRcWk1QWQxbTRLRWpJVXA0WVNWVdIBuAFBVV95cUxNSk1WZmk5M3BOZUc2QjdqdWdSNTBYN09SejA4LWZYbGMtQndVdHBsd3JJOTdPc3dSZTFKQUVnRExweTVTak9nYUhpaWdsNWRCMTF2Z1NmWmNNQ2NkUUxPOF9rZS1pSVVmUnZTVXp0UXBaY2RGVTNvdEttU0NyREFRY1pycHd2WVpyZkNNeXprLXBqTE9ZejZHSVlBX3pjM2Zza3hhSHlYRDRNb3dJT3dzajNKVVd5MFhL?oc=5,Pplware,Pendente de validação,Resultado de pesquisa RSS; confirmar na fonte primária antes de integrar.
CAND-e08309a61e3a,2026-09-23T07:36:11+00:00,pneus promoção Portugal Continental,Continental já produziu 350 milhões de pneus na fábrica de Famalicão em 30 anos - O MINHO,https://news.google.com/rss/articles/CBMinwFBVV95cUxQS09TMU1mMHRHU3M2Z0UxZ2tEN1RCcFN1RDliR3FWdXJnQWdkS2V4cEZmWTQxRzZSamZCQVBMbGxwQzYzUmpfT2dubVNlaUF6QnFEVkFDYXlPNUxCNG9XT0NONTdNOEtIUF80YmhpM2w2RVNQQkJqY3RuR3N3QVo1cTI0dTZEcWc1QmRWQkxCLXc2cEMyVDlwQ0ZhNnNBb0k?oc=5,O MINHO,Pendente de validação,Resultado de pesquisa RSS; confirmar na fonte primária antes de integrar.
CAND-26bd03f377c6,2026-09-23T07:36:11+00:00,pneus promoção Portugal Continental,"“Somos uma das fábricas mais eficientes do Grupo Continental”, Pedro Carreira, Continental Mabor - revistadospneus.com",https://news.google.com/rss/articles/CBMi0AFBVV95cUxOS1Z0SGdjUWFlSU1va19fajRPdFctX29lOElrejg1T3ZSMmFQVmY0ZEpTSWlsbk0zU1BrX0FVcTE5ZWU0THVIOUR6TXZMSThOY1VqdlNmb1hfbVl5YU5LR24wMnJtbmdLZmkzX1VnSEdrNGlOMG5ZMHFuQ0Z1QlZfWGRGRUZRRUdtLTczR2VIelFwOExQWmdnRkl1Z1MwT3JzckttLUFHN1JkNEk4NUdFcHljbHUxVWxwUW9JNzAxeTBvTE9fWlljTEZhbjdmX3pB?oc=5,revistadospneus.com,Pendente de validação,Resultado de pesquisa RSS; confirmar na fonte primária antes de integrar.
CAND-bc94cc8ee5d1,2026-09-23T07:36:11+00:00,pneus promoção Portugal Continental,NEX Tyres Portugal celebra 5º aniversário com campanha - revistadospneus.com,https://news.google.com/rss/articles/CBMingFBVV95cUxQS19OSjl6WXNibTVNZDFDbmxkbWhpX09LNHc5TmM3anFMTDJQNmwwQjdtQUQ5TzVFa1FWNkFpWG5EaDhCdFBNMUFKendnNHZ3MFlXMDZxVjlKbFU4Q1A5STdGMmRIY3BrX0hqSzQyaTN3eWdOYUUxZHBVWkdPNUlZOWRYT1J4SXlzT3lieGl4QjY1bEV4aElzQ3JuaDZ1dw?oc=5,revistadospneus.com,Pendente de validação,Resultado de pesquisa RSS; confirmar na fonte primária antes de integrar.
CAND-90374faf6f41,2026-09-23T07:36:11+00:00,pneus promoção Portugal Continental,"Continental vai deixar de produzir pneus agrícolas em Lousado, mas garante que não haverá despedimentos - Jornal do Ave",https://news.google.com/rss/articles/CBMiywFBVV95cUxNYzJUV0RNa0o3dzFCelBnYUZhNGV3SXJfN2c0MWR4ZE1oeGxsSjI5YVRwWE16dXZFcGlvbE9jbjRURzBlQURMcEZJdGd2LURmQzdGdU53TFY1aHN5eFZoZy04TWVyMldqWkhzYVNDa2w4T044Vy1wYUtzYmhFYTBRbEM2RXZhbi0tSFBXVVVla3FkNXZxUkhhOHdBTS1zamktMkw4aDNkN01yVmY1T2pyTm9hdUhReFc1ZzRaZThmTzBCazcyaGRYcmU1NA?oc=5,Jornal do Ave,Pendente de validação,Resultado de pesquisa RSS; confirmar na fonte primária antes de integrar.
CAND-4eea2a595fff,2026-09-23T07:36:11+00:00,pneus promoção Portugal Continental,Continental revela novo Grand Prix 5000 S TR - goride.pt,https://news.google.com/rss/articles/CBMidkFVX3lxTE9KdWh5alV1OHJYWkt5M2lKZ3hRTzFWWGxVcmtoaGhGbHVZTGdSUWYwaGZvUFFRX2RMSl9mNHJSZGpfbVIzM1QwMmptVHFMZkZGZlRjMFBlUmZrX1h6bm1YczlaWnI1ZWt2OEdZRmpnZ3hoMkJpNFE?oc=5,goride.pt,Pendente de validação,Resultado de pesquisa RSS; confirmar na fonte primária antes de integrar.
CAND-5ad61d0eb21d,2026-09-23T07:36:11+00:00,pneus promoção Portugal Continental,O engenheiro químico que aplica a ficção científica à produção de pneus. Conheça Pedro Carreira - Expresso,https://news.google.com/rss/articles/CBMi0AFBVV95cUxQaFItT2tRXy1sbG5wS0ZMWjMwSG0ta1EzN3RzdjIxUXV2QXZMQlFPMHR0MTg5T1M4SU9oRXI3UW5mWTQzOWtqY01XMndfbmthQ01odzk0U3o0LXNfdTlCR3JyNHNDWndWNUdLY3V3dHhFM1RVUGRlVlk4cGRpM01la2RSS0NQTlliSHFDSG9faUxKLS1QSnJpUGwxbURocTg0YW9iVU10NWwtVkxWclJWTTFPSW9ZSllmbXNrc3hRcDkyeVdSc0NHczJRMi11WXFX?oc=5,Expresso,Pendente de validação,Resultado de pesquisa RSS; confirmar na fonte primária antes de integrar.
CAND-10508d9113a6,2026-09-23T07:36:11+00:00,pneus promoção Portugal Continental,PNEUPRO é o novo agente ContiService na Marinha Grande - fleetmagazine.pt,https://news.google.com/rss/articles/CBMid0FVX3lxTE9XZEJ5MGNyZW9OaUhrYndVQkRpc2JHM3VkQWRYcHRnWjNmellYVEs1czBhLVY4NEM5cW0wOE4yZzE0NVF5aVo3RkdQSU5WTWVlYUd6Z2p1cDE2Qzc4Z09pUjhFYlZfdHlRT1lXZy13Y25VakNzR2hJ?oc=5,fleetmagazine.pt,Pendente de validação,Resultado de pesquisa RSS; confirmar na fonte primária antes de integrar.
CAND-ae1541aad530,2026-09-23T07:36:11+00:00,pneus promoção Portugal Continental,Mabor Van-Jet 3: pneu pensado especialmente para comerciais ligeiros - fleetmagazine.pt,https://news.google.com/rss/articles/CBMihAFBVV95cUxPRTNXVk1KWHJwclp3LU9vLTlabUhuem9Nc213bEp6eFQ0VU14YS1tdF80djdDeWcwSWYyZzZ6d09odHVhSTdhcklDZDZsZVE3ZTYtN0prTDA2U3NiTzQxbFhSTWZ4T0tTbHhTRHUzRkluM0d2bjduMmg4bXBwZTJPR0dGODA?oc=5,fleetmagazine.pt,Pendente de validação,Resultado de pesquisa RSS; confirmar na fonte primária antes de integrar.
CAND-f15f38668b6d,2026-09-23T07:36:11+00:00,pneus promoção Portugal Continental,Continental Mabor investe 100 milhões de euros para ampliar unidade de Vila Nova de Famalicão - Observador,https://news.google.com/rss/articles/CBMixgFBVV95cUxOOHJPeHktZzNqUEtUSnV6Nm5OTlpGUmdZblBNRG84ZXR4RllHa3JTVkJQMkUwSXBqbVctb2xjSE94VDd2U1NiSTFlQk9yNm5SODA1eldfM3JOWUo0OEF2c2RXWVVBNEN5Z2xLVVpaWjJiZGlvUkJweGpxSEx3alM3UHA3SU1tQXlWQURFVjRhU1FzWlpUeTk0amt4M19ZNWY2VnZHTjNUT25SNlpvMXVMTUVVc0p0QTZsV1lrOC1IcUY1TjRENWc?oc=5,Observador,Pendente de validação,Resultado de pesquisa RSS; confirmar na fonte primária antes de integrar.
CAND-36fabc1029b5,2026-09-23T07:36:11+00:00,pneus promoção Portugal Continental,Oliveira Pneus é o novo agente ContiService em Ponta Delgada - fleetmagazine.pt,https://news.google.com/rss/articles/CBMibEFVX3lxTE1SbmhnTnVBVFlIQjVDZEFoTXNiYllmM0lJUUhnREFRdVBRQTI5bVc5UzZxc3Vveng3ODc3bVc2QXNxUy03SDdxMThEdi1YaU9kc19uUEdqeHcxUHB4bWNSMUxRSzJJWF9POXliNw?oc=5,fleetmagazine.pt,Pendente de validação,Resultado de pesquisa RSS; confirmar na fonte primária antes de integrar.
CAND-b10f5fce7986,2026-09-23T07:36:11+00:00,pneus promoção Portugal Continental,“O problema é o preço a que os pneus chineses chegam à Europa” - Revista Pós-Venda,https://news.google.com/rss/articles/CBMidkFVX3lxTE5UVjJtbi1kMzl1eU5lX1FXVy1YaV8ybzY4dC12TjA2WExuajZYNnJsaWJFLU1uVS1nN1ozVERlTlNCOC1wNU1NcHhHWWFZZlIyTmhzX2xLUUtkbm9ZLVItN18tQm9kc1ViX0tEWkxacmtSNkIybkE?oc=5,Revista Pós-Venda,Pendente de validação,Resultado de pesquisa RSS; confirmar na fonte primária antes de integrar.
CAND-c98495dcf645,2026-09-23T07:36:11+00:00,pneus promoção Portugal Continental,Continental adiciona serviços financeiros e 200 empregos no Porto - ECO,https://news.google.com/rss/articles/CBMingFBVV95cUxQU05uMmprYklsdnZkdk1MVnJhMUZhQVg3cGdGN1J1Z3VYOGhsMHE0R3NSMTdscGZ2UXA3QTUwMUdMQnlWMXZBX3BhN2NhV2ZRN3J2aVU2UlJTb2tOS09CSVVpdVlvWGF6WVJjWEx3MVpkM1VNU3gxNUNoM3E5dWtlU1hDUmFzWmpoNnpwWXhuaDA5cHMwcXU1NDBpakZZdw?oc=5,ECO,Pendente de validação,Resultado de pesquisa RSS; confirmar na fonte primária antes de integrar.
CAND-b4f09b38c1a9,2026-09-23T07:36:11+00:00,pneus promoção Portugal Continental,Continental vai fechar em definitivo fábrica de Palmela e despedir 370 pessoas - Jornal de Negócios,https://news.google.com/rss/articles/CBMi1AFBVV95cUxOUzBsMFZ1U21GX284S0xKMUhQbWdPNk92OU52aktKaTdMYjhxbldJQmE2ZFpaUDJLOW1GcmlxVzNuUWs2NGF4eXRwMTg4QmY3N2FaaVhEY2lnXzdUdFlLSktJUWgwUG1Vd2pHaVc4NTdCczJ4WmtHeHdPZmJvaTBHY3gzQVh4Nm5hZERjZXVuRWh0c1loZnlzRmxSb0VqdEptQmJyZDRZVnBfV21yVmh6N1FGWjM0ZWU1ZkZZUHpEajZCUzJEMzVFSmR2QWM3WmRHdHRLY9IBzwFBVV95cUxNdEdTZWhMZGNqaUdTVVMwZktvRkdlbW5xQlR0UDgzSTFCWW9IR2lwV2dqX3BycEItOUU5NGxBMTh5ZEpnOGg4NUlrUmI1blNLUDJSZEU2amxNWDFFUHh6eE5QQXBYUUYwbjJ2ZGJzRG56QWw3dGZ5YThGaktUdHNyMHNSN1c0NENOTWRsOVhxWFI4c1FVcE50OWR5T18yM2hIUW1kTEVCU2lMYTdiS3d0TzM0Qnd3TkNyTk9mR0s1blIxbXlkdENqd0J3T05fM1k?oc=5,Jornal de Negócios,Pendente de validação,Resultado de pesquisa RSS; confirmar na fonte primária antes de integrar.
CAND-1ace1ea5f7ac,2026-09-23T07:36:11+00:00,pneus promoção Portugal Continental,Associação Acreditar recebe donativo da Continental - Revista Pós-Venda,https://news.google.com/rss/articles/CBMifEFVX3lxTE42a1VBWWZWTUgwQmkyRGQ3ZVJWejV1T00zMHNmUlZfYmZmTU5oMXJWQ3FXUVotSHR6dHRHZkYxbDE2SnJmbDRoMGxocTdBQmZyX3Q1SURJdmxhTkNVeHFSbjV5bkFVS1N5dnVEdWRqQWpHVkNIQkFxUzlKbno?oc=5,Revista Pós-Venda,Pendente de validação,Resultado de pesquisa RSS; confirmar na fonte primária antes de integrar.
CAND-f8c9c8a4e93f,2026-09-23T07:36:11+00:00,pneus promoção Portugal Continental,Continental Mabor comemora o seu 30º aniversário - autonews.pt,https://news.google.com/rss/articles/CBMikwFBVV95cUxNUi1wUGJpVlV5bGtRclZfdGNRYXo1aFBYV1FtQkdNMlEtN0tjOENVNGwwaXBCMmN5SXA3dzNiNVZxdlpYbGZ2Vk56c1pzRHNjRXluc1lfa2xIYTdxM244RDBvYzZzZjRheWVCWVdrYkNsTGFZX1cxSG5JMHFHUmp1R0lmaURYR0ZuZ1pkTllocV9FRnc?oc=5,autonews.pt,Pendente de validação,Resultado de pesquisa RSS; confirmar na fonte primária antes de integrar.
CAND-395e72456960,2026-09-23T07:36:11+00:00,pneus promoção Portugal Continental,"ContiService aumenta rede, em Famalicão - Revista Pós-Venda",https://news.google.com/rss/articles/CBMiZ0FVX3lxTE9KdlQ1dXJWQzdVeC05SlVRLTdhR2tJSk8wR1NEemhraHBFNDJmamFEVTdxUmkxMm5WQnJMdHNNUjFlQmdDbnNTNFlKLXM1ZlRjSDZhUjdXUk5EYl9YVHozRHNIWnpJRkE?oc=5,Revista Pós-Venda,Pendente de validação,Resultado de pesquisa RSS; confirmar na fonte primária antes de integrar.
CAND-9e6469e57aa6,2026-09-23T07:36:11+00:00,pneus promoção Portugal Continental,"Motrio Conquest, novo produto da parceria Continental Renault - fleetmagazine.pt",https://news.google.com/rss/articles/CBMiYkFVX3lxTE1yQkpNejVKTnhkYlFGUVpNZkZJVS1rbmQta1BXaUhmOXFCYTJ1b1FkQUluMlk5TWlZWWhySnN3OHplMnBCelEyRGV2MXZuM3pOSWlYb2wtZzNNa2h1Z095RGNR?oc=5,fleetmagazine.pt,Pendente de validação,Resultado de pesquisa RSS; confirmar na fonte primária antes de integrar.
CAND-bb9af1d7383e,2026-09-23T07:36:11+00:00,pneus promoção Portugal Continental,Continental Pneus Portugal alarga rede de oficinas ContiService - motormais.pt,https://news.google.com/rss/articles/CBMimAFBVV95cUxOUjRrckNjd3BlUm1lLVc3WkRJNlEybFVOTGNPVGRZdDVTYlZpM19Lbmw0UEpTYTF5ZWFGR0lFU0hGSThYcU5PMkVFWjJ2Sk9MVFdZUFZUWDloZ3poWnZtbXVHUXNzbGRWYzRsSy1qM1JCNktvVWU3eG13Q1pYZGM1RHhRRlFoeDczQ2FtMjBzWEdYSzU0eXR2QQ?oc=5,motormais.pt,Pendente de validação,Resultado de pesquisa RSS; confirmar na fonte primária antes de integrar.
CAND-4068cb277323,2026-09-23T07:36:11+00:00,pneus promoção Portugal Continental,Vagas em Portugal na Continental: empregos em empresa alemã - Vagas Pelo Mundo,https://news.google.com/rss/articles/CBMieEFVX3lxTE9Eb0FLZTB5XzM4T0RlcDhyUkpmS3BNVTlrYzlkMjFRZWx1SWhoczJOWUpGRE41ZzFnRFpNUFBVaVI5bExEUE5nUl9ZM2NHMnhYdFVyTnMtWWIzdzREanF3RndlMDBxaUJuV1NPREVjcDVSTE1qTXU3Yg?oc=5,Vagas Pelo Mundo,Pendente de validação,Resultado de pesquisa RSS; confirmar na fonte primária antes de integrar.
CAND-7f07468f59d8,2026-09-23T07:36:11+00:00,pneus promoção Portugal Continental,Continental Mabor afasta despedimentos em Famalicão. Trabalhadores vão ser recolocados - Jornal de Negócios,https://news.google.com/rss/articles/CBMizwFBVV95cUxOQ3ZSNmJzSThweVpxVlVQcDhETVNaXzQwTHFNT3ZrMU1KMi1wclJyM3R5aTlybHM0cmw4MVJ6SVdVRWxYSFBwNm5DbU5aNWRyWmdkenZycmJFSWNfYXhSb0V3VXFNdzNMbDM4bWhkWVZGODRoaHFPc1J3cE8tNWVHTkFma0RDOGk0QkpkTWxfMGRaSnZLblVfaExyVFN4dHJ6WjN2UjVJMkVseXd1SU5hVU9xT0lONGwwVmxZcXVROFUxX283M0RoWU1aSE9Eclk?oc=5,Jornal de Negócios,Pendente de validação,Resultado de pesquisa RSS; confirmar na fonte primária antes de integrar.
CAND-98a4a64adb9e,2026-09-23T07:36:11+00:00,pneus promoção Portugal Continental,ContiService: rede conta com mais quatro oficinas - fleetmagazine.pt,https://news.google.com/rss/articles/CBMiVkFVX3lxTE9ELVZmM290ZG5yZzBQenF5QW15Q0pPeUQ2MFZKYm5iVlh5Z1NLdE1ENmREZ2pGeVpzYzFIQzkwOU9HOVJvZ3NZV1hndVFpb0cxUEpHYm13?oc=5,fleetmagazine.pt,Pendente de validação,Resultado de pesquisa RSS; confirmar na fonte primária antes de integrar.
CAND-5a6d9accc05c,2026-09-23T07:36:11+00:00,pneus promoção Portugal Continental,"Mabor Sport-Jet 3, pneu budget com características premium - fleetmagazine.pt",https://news.google.com/rss/articles/CBMiU0FVX3lxTFBlcVB5U2VYSFI3Z2VzSmVkZE1tdGktZE91Z3o0amFjcjFHUGwxYVllZWwzQlhvckNFVzdIZXZGVXQ3SE04UWFQR0l0Yi1Tbk9FSG1v?oc=5,fleetmagazine.pt,Pendente de validação,Resultado de pesquisa RSS; confirmar na fonte primária antes de integrar.
CAND-31410dd4888a,2026-09-23T07:36:11+00:00,pneus promoção Portugal Continental,Continental Pneus aumenta rede ContiService e alarga presença ao Algarve - autonews.pt,https://news.google.com/rss/articles/CBMiswFBVV95cUxPdlFvRlpXeXlGbmhrYjBxLVF5QTl0YVNZVmN0XzBROFVpSEVMZjFKaW9IUzVyMkpnbklrbjlTdTFmbE5CaXdMQXRGUG0xNU1GdnF3WjlRUEw5WFA2X0xIQVFEcGpwLWZJMU9yRTJOamZtc19VNjRNakVDeXFzZG1yTDg0WjRRNnByRUdld0NWYWVrVU1nM2dYbXFuOEVyNXJtTF80YW9ROFNubTFsdXM4ZW9NNA?oc=5,autonews.pt,Pendente de validação,Resultado de pesquisa RSS; confirmar na fonte primária antes de integrar.
CAND-af3dcd2b278c,2026-09-23T07:36:11+00:00,pneus promoção Portugal Continental,70 anos da Mabor - Revista Pós-Venda,https://news.google.com/rss/articles/CBMiTkFVX3lxTE1xVE5QRnF2Zy1sQUtqS0s3S3VwQm1xUV9scUdoejVVTVVGdVhJalczUUJiN0NzblhUR3FaWHpEemF3dFFlc1ZBUUN0Z0JpZw?oc=5,Revista Pós-Venda,Pendente de validação,Resultado de pesquisa RSS; confirmar na fonte primária antes de integrar.
CAND-09d29780324d,2026-09-23T07:36:11+00:00,pneus promoção Portugal Continental,Vagas na Continental em Portugal: 100 empregos ainda em 2023 - Vagas Pelo Mundo,https://news.google.com/rss/articles/CBMieEFVX3lxTFBHQ1NtMUNKcy1HdFEtcXJEbFozSXNiWEJiN0MzeV8tNWwyMmVIUUZBXzh1SG03VEUzbEQ1c1FKNFhDLXVjVHd4SkJqWHY0T2YyS3Z0N290MVNmYm1vRFZlWmxaNkNSbTgtNFEyQk1oQnN0Yl9sLVRMdQ?oc=5,Vagas Pelo Mundo,Pendente de validação,Resultado de pesquisa RSS; confirmar na fonte primária antes de integrar.
CAND-9c6414b5bd01,2026-09-23T07:36:11+00:00,pneus promoção Portugal Continental,DECO põe em causa qualidade dos pneus usados - Revista Pós-Venda,https://news.google.com/rss/articles/CBMic0FVX3lxTE52WFdqZUFQcFltbHFtRm5UMFNxOXZkLVBuSmRtemRPeVpSVV9UOV9NT1QtZ0ZHdUFOM00yYUpZX0ZXRjd6czFrYTVDcmhGU0Z5QVF1RndrSGFBSDVFNHRwcWc5VVdOWlZ2amRZajI0ZU9OWVE?oc=5,Revista Pós-Venda,Pendente de validação,Resultado de pesquisa RSS; confirmar na fonte primária antes de integrar.
CAND-665e4c3737f4,2026-09-23T07:36:11+00:00,pneus promoção Portugal Continental,"Lousado, terra da melhor fábrica de pneus do mundo Continental - Jornal de Notícias",https://news.google.com/rss/articles/CBMiqgFBVV95cUxNYUNRX3RIZTRrdXJaWDJmeWdrWHVrWllGRktSMFowQmpVQXlKRXNpNk15bloxUEdUTVRUMUcwTjFxS21zRkNTV05mVE1XU2pBYWNQNTNZcFduSVNpYXRYWkQwNi1kSktIbmNuT2Z0cENsUEpRdkZETUFMWldZVnhwX3ZmUmpKaEFmbEQ3WHM0SE4xbDZnQy1pZkp3YldoOWlsQ09yZFRRdjd5Z9IBlgFBVV95cUxQazJjeEhHSHZUdy11UnlyZGtlUTNveVlIaVNabHkxUjZDVU5NMFhNdl9RQzZ5NThrRzB5dDZGbzQ2cEdNeHFxQ09URW5zSXg1QnVodmpVSmtNdEdlRWZJRFhEVDIxMElJanlUcVFoWkdsWG5sbTRHMmtHRjlDOUp2ZlZZMC1DclB5cG5uRGo2Sk55NHNxS3c?oc=5,Jornal de Notícias,Pendente de validação,Resultado de pesquisa RSS; confirmar na fonte primária antes de integrar.
CAND-ae209e98dd90,2026-09-23T07:36:11+00:00,pneus promoção Portugal Continental,ContiService anuncia parceria com a Carglass - autonews.pt,https://news.google.com/rss/articles/CBMijgFBVV95cUxPZzI2N2hWa1ZqOHFpbURxUnNVTTNnaGQ0Qlp6cDkxWHpqY3pwN0ZaZ2ExbW5lZ2xGc1FoWWhfRHJDMEN5SXBwWVdnQmZuWGRwNUFqMDV3SThzUFRRRmZRSUNja3diSTBGYi0wenJTSkZwNHNjVERqYkVfSWF4U2pmNm9aeThRbm9ZZWRjZnpR?oc=5,autonews.pt,Pendente de validação,Resultado de pesquisa RSS; confirmar na fonte primária antes de integrar.
CAND-9bafa227e0af,2026-09-23T07:36:11+00:00,pneus promoção Portugal Continental,"ContiService ""abre"" mais quatro oficinas - Revista Pós-Venda",https://news.google.com/rss/articles/CBMia0FVX3lxTE5SelBTb1RQRXBwNVRKdGNkNG9EWXJQN3IzZkRNTEtLdFFJNHNvMWdINmZkYmc3Y1dCNVZBYzBDb01FWVVJRFFzSUpadVlPcVpSdzhEYkVOQWVFeU5sUmU5Q18wTkxCX3pKdnhV?oc=5,Revista Pós-Venda,Pendente de validação,Resultado de pesquisa RSS; confirmar na fonte primária antes de integrar.
CAND-4bdd3a774379,2026-09-23T07:36:11+00:00,pneus promoção Portugal Continental,BestDrive: pneus para comerciais ligeiros em exclusivo na ContiService - fleetmagazine.pt,https://news.google.com/rss/articles/CBMibEFVX3lxTE4zZ1hQS0t0ZjlLV3FTaWV1dkd4RENzVktCLWYwRHpvRnl4S3FYbDdBbWNqVnB0N1F0THRiU1ZySk1jWmVmSkhuclZmY09wajRwSUtJOVVjd2ZIdWdIYTVwSk45YnhZeFlIYXBVcQ?oc=5,fleetmagazine.pt,Pendente de validação,Resultado de pesquisa RSS; confirmar na fonte primária antes de integrar.
CAND-9ecc8ebfd93f,2026-09-23T07:36:11+00:00,pneus promoção Portugal Continental,Empresa do setor automotivo abre novas vagas em Portugal: veja as áreas - Vagas Pelo Mundo,https://news.google.com/rss/articles/CBMiigFBVV95cUxOSFo4cFMwaUpUU0xqcEZ3emd1NnNyUmlsemljMllvMkNUWkZRWE1abjREX0VYSFNJeC1OQzdBOFNmcHVDNW5LR3I1ZmlqUDUtQVNjeU5TUFIwWEdibmlvM01EZzB4anoxN3YxS3JIdElMUm1CYnRvdjEyZXZ0dVpjX3E1UUU1LXk3S3c?oc=5,Vagas Pelo Mundo,Pendente de validação,Resultado de pesquisa RSS; confirmar na fonte primária antes de integrar.
CAND-5a2bce36e1c9,2026-09-23T07:36:11+00:00,pneus promoção Portugal Continental,A nova CUBE Attain 2027 aperta os preços com quadro e rodas de carbono por menos de 1700€ - br.brujulabike.com,https://news.google.com/rss/articles/CBMirgFBVV95cUxNekF3S2hUNGx4MzJVQTRRNFRTVEdWVXpUTzQ5WGRCR0lEZkt3QUJmNXBlUDBwOWtERnNXQS1zSWZqdXJLTTg2eG9jeWROekNubmVoVFRBV0xid2N1bmpFVEtIcF92VXV6S0JHOUg4MG85WVc2TDY5WFJ4cUVteWwydTdnVmlXbEl1Uks4Zm9PaUpwWUptRXNPWTFlQUVGTWktQ3UyZDlfbTU5cjhOTXc?oc=5,br.brujulabike.com,Pendente de validação,Resultado de pesquisa RSS; confirmar na fonte primária antes de integrar.
CAND-13c41c891628,2026-09-23T07:36:11+00:00,pneus promoção Portugal Continental,GP do Canadá de Fórmula 1 pode ter primeira corrida à chuva de 2026 - autosport.pt,https://news.google.com/rss/articles/CBMiqAFBVV95cUxOMENNX3RHcEJ4ekxjQUxwQ3ZwZDNvRVYtS29wcTFyMDdHR3g2dEl6LTFfYXo4MmpKSE1UZVNqMENtY3RURzRJZ3ZxSXVEMzhFcFByb2w1MEJ2UGpZdy11RDZTaklVeHBHM1pOaDZ1aWVtQXo0dHNEekxTZnFGaVYzejQtcUtUUS1RT2ZGYzNyNmsydWF4czgwTGxoZmNRNWhvVUhQWlJmRUM?oc=5,autosport.pt,Pendente de validação,Resultado de pesquisa RSS; confirmar na fonte primária antes de integrar.
CAND-8059a15a5be0,2026-09-23T07:36:11+00:00,pneus promoção Portugal Continental,Pneus produzidos a partir de plástico já chegaram a Portugal - MMO Notícias,https://news.google.com/rss/articles/CBMiogFBVV95cUxQUTE4YnBSUl9PT3RXLXY3anBGdThTb3VpZWJBQUMwVWZtNXA1blB3LS14cTR4UUlIZ054bjlVZndWWGxxREdrSnd0NVVIQUdZRGwtanU2N2pIMllXb2ItUXdRZnlhRTdKWGtwYWFyZzNUZUZRTDZDVUszbE5JcGloYkxKVVRESHRxcUN4bWZuVWJETFVSM0o0cUJYRUhrN0NjQ0E?oc=5,MMO Notícias,Pendente de validação,Resultado de pesquisa RSS; confirmar na fonte primária antes de integrar.
CAND-19d82417b248,2026-09-23T07:36:11+00:00,pneus promoção Portugal Continental,Continental Pneus lança campanha de vendas inédita em parceria com a Chilli Beans - Conexão In,https://news.google.com/rss/articles/CBMiqwFBVV95cUxOYXFqNHdrSGgwRF9aVzZmSVF0Tl9SSmxWUzJTLThhS3UtdFdfaFp0Uk1ZOEh1c3J2YnNUVTdQTjlsLWFIRjRMaDJMQjlkMDRpT05DZE5pUlBwa3V0WjhuWDlHTTM3YVJTdlV1b1VLNkxfaC1LdVdWYjVhZ21LWjJjZ05sX3dYLVF2d3NwMnU5ZE5IcEcwbndSY041QnBYd0Z2cXZaOEg1Y0l1Wnc?oc=5,Conexão In,Pendente de validação,Resultado de pesquisa RSS; confirmar na fonte primária antes de integrar.
CAND-f11792b180a2,2026-09-23T07:36:11+00:00,pneus campanha Portugal Bridgestone,Japão já está a testar pneus sem ar mas há um problema - Razão Automóvel,https://news.google.com/rss/articles/CBMikwFBVV95cUxPdDBHYXMyZktRU1BndW9pOUtfallLOEdOVjN0NFRqV1B4bEYyQk9ldlNWb0Z6eGxHWDNUd0RNOHQ5Mm93NnowZEoyZHJRdVhNdGJLZE1ZUENkLXBobFpNRktJNVdZeXFnTTdQdkRuazRkRHI0emZLYjVTMzZyRzNiU1hiOElVZ3JWNkJqeTBpenNHNkE?oc=5,Razão Automóvel,Pendente de validação,Resultado de pesquisa RSS; confirmar na fonte primária antes de integrar.
CAND-ff21f8c248af,2026-09-23T07:36:11+00:00,pneus campanha Portugal Bridgestone,Vídeo – Teste pneus Bridgestone Battlax T33: Missão viajar! - Motojornal,https://news.google.com/rss/articles/CBMihAFBVV95cUxPZHM3ZEZKbEUwMTVteGxrWHlwXy1kUEpFUWtYc2MtTzlPQWZJNkNXS0hTaWNwd0xJdHhYWE54V3ItTVZLd3NkdTBXc1JPNUZMaXFmT0FJN1FDaU52M1B5djc2QlJVMmIwZk9rV25jWEQ3UFZYRnE5bjFacEpjc0lwNl9lcHU?oc=5,Motojornal,Pendente de validação,Resultado de pesquisa RSS; confirmar na fonte primária antes de integrar.
CAND-9bfaa557e0fa,2026-09-23T07:36:11+00:00,pneus campanha Portugal Bridgestone,"“A especialização tem os dias contados”, André Bettencourt, Bridgestone - revistadospneus.com",https://news.google.com/rss/articles/CBMirwFBVV95cUxOMU13MWhhS2RmVmVDNG1yUEtWcm9EUEZZZG4tSUtKbmh3V3FuZ29CQloxZ2FRVm1YRThLX3RkYzcya2ZKS1dJTXRoSHlzTU5fSU14c203bV85UjlGSHY0QVFXUEExQzJlZDJsYTdUUjVJZEJfeGNGS3BfdjFkSEd0NjZzNDNxVGpsT2daeUxCbnNHeW45MHlxUWE0OXl6NnFBSFQ1ZXpUQlhpNDFkYXow?oc=5,revistadospneus.com,Pendente de validação,Resultado de pesquisa RSS; confirmar na fonte primária antes de integrar.
CAND-70932ec3a531,2026-09-23T07:36:11+00:00,pneus campanha Portugal Bridgestone,Inovação com selo europeu e qualidade certificada: os pneus que elevam a sua frota - Jornal de Negócios,https://news.google.com/rss/articles/CBMiygFBVV95cUxQVTlFQTNKM3J5RnZRU3M3V19zRERhV3dOMHZETElTWGx5UGZ0ZUQ5cm1VeXZaS09QVmp5RmlZdFRxZGxrZ05IXzJuamE1STVFWFVyQm1PN19hQkFWYjl6UFhObzdUZFd1cm0wdkhYS2x5V0pWOG5YY1VOZ19rLVRoMjAzVjdmSmUxVFVUQjJDeHlNazhHZkN6UW16ckhhVk5MbVJ6TUdrQ2FxbjVzSnhkUEcxN3VJUWFOazI3M3BjdHg0RE9UYWN0OVdn?oc=5,Jornal de Negócios,Pendente de validação,Resultado de pesquisa RSS; confirmar na fonte primária antes de integrar.
CAND-73c5e867162d,2026-09-23T07:36:11+00:00,pneus campanha Portugal Bridgestone,Em que ponto estão os pneus sem ar da Bridgestone? Fomos saber a resposta - Notícias ao Minuto,https://news.google.com/rss/articles/CBMiugFBVV95cUxOd291UVZWbmtucVVHdnJFMGtIa2NKM2hlSXN0X1Y3cnB0SmNRV3JwLVpRVElyQkgweTZwa3hJSFoyb1RwVlhTbXFWMTcweGZROFVzZmVlQmd5bEpiZmtoZlRuaDhtWGZEVG9MVnhFSkFMZ2pLb1lSNnloUWEwOTlUckJlaFJrcEVWNVB1RkR0U19NeDNHM1RmWlkxTWF3Z2tKVHVqVmNDVHBQc2FFUE05ZXpUQnFrbHNxa3c?oc=5,Notícias ao Minuto,Pendente de validação,Resultado de pesquisa RSS; confirmar na fonte primária antes de integrar.
CAND-607c59fed305,2026-09-23T07:36:11+00:00,pneus campanha Portugal Bridgestone,Pneu Bridgestone Battlecross X31 – Para ajudar a dominar nas pistas de motocross - andardemoto.pt,https://news.google.com/rss/articles/CBMi7wFBVV95cUxNWVNGVmNVZE82dEhmWGdXQWxEckVMTnNlRlB0QUVzSlBzT1RXc3M2M3ZzY2Q0dUd5SnNqckxNdGlQU0Q3SXlCaDNPRWVITm56SDJzaENRdlBxZzhyVjFac2dWSmFNaEtwYjJPMFV2YldhYkh5RC1kOHdyNWRlM1dObzBBZ25UaHVyYTljX2w1R1Fld0NtYXJRSl9uR3JNVmNuVDJsNURUTHpBTEpMOWxBWWZKU3ZqTXpOY1lsbWRYV3RES1RKRmN3X0FCdjhoQTBYMmpNQkpfVWJUbl9FZFZEeGhiQXRCRGNiUlRER1hINA?oc=5,andardemoto.pt,Pendente de validação,Resultado de pesquisa RSS; confirmar na fonte primária antes de integrar.
CAND-feeacd4e6ce7,2026-09-23T07:36:11+00:00,pneus campanha Portugal Bridgestone,"Após 18 anos de desenvolvimento, Bridgestone coloca pneu sem ar AirFree, que dispensa calibragem e não sofre furos, em serviço diário no Japão e começa por veículos autônomos de até 20 km/h, usado no transporte de pessoas idosas - CPG Click Petróleo e Gás",https://news.google.com/rss/articles/CBMixwJBVV95cUxQMjJ1dlBTZ3ZqN2c2VTZETXFoZFp5MjM3V1FaMFFuWDNCTFowbTVMbkNqUHFGSHB4azFqNm9NWV96ZVdDdVNSOVdUWXp2NVctaG1paHVZMlVLeExkSVhFRHFHZFZjSTJIeHJpRGZOZEpkNXpuYXdCNENpYlRnTnVUcXhQWG8xakNjZlZKajNpU05VMWFJWFZRZkY1T3NJc044eEVtOVNJQjZXbm9ESUtKUDVsZ3dvdWtzRG5NVUJrNmxibFVTWG5IUzhGZzBXckFBUE91b1BKZW5WUXdfaDJVOGE4TUpvbTdzWThKODlYcUp0Qi1YU3NPZmg2OTFZXzFkZW9WWEJhc3Z2a1J0VHozTm9TWGRpZGRjYlZoU3hSOXNTNFpIVTRRZ2h3NnlPYWI4aExWT1JhS3RzSkdJbjJfZjFMbDYtZU0?oc=5,CPG Click Petróleo e Gás,Pendente de validação,Resultado de pesquisa RSS; confirmar na fonte primária antes de integrar.
CAND-d0c5b2731d50,2026-09-23T07:36:11+00:00,pneus campanha Portugal Bridgestone,"Bridgestone A41, AT41 e AX41: Três pneus ADV Touring em teste na Serra da Estrela - motomais.motosport.com.pt",https://news.google.com/rss/articles/CBMiwAFBVV95cUxQZHpaWGhoNWZZRkhmSExjeDZHaDBMV1BPQ3c0bnNRb0tzMjdVMkdCUVlRVTZyM05UNzVkMzUxdjZLSndRdjJ5LUFHb3lHMzRGdzk4NkdOVnFTOENkelN4dGJjekpzRXhHQ3N4Uy04cU9HWE9nTjMzSEJVYU5GZFZQQXJoMUNfcDREODRSMXg5ZGxKclJwcnRDMmpDdV9yOFNMXzVoSGhBSVF4bkc4ZWthTUw1bDNWVWlncTc1QjBQMk0?oc=5,motomais.motosport.com.pt,Pendente de validação,Resultado de pesquisa RSS; confirmar na fonte primária antes de integrar.
CAND-f717dac1a246,2026-09-23T07:36:11+00:00,pneus campanha Portugal Bridgestone,B-Seals tecnologia revolucionária selagem de pneus - autonews.pt,https://news.google.com/rss/articles/CBMilgFBVV95cUxPcG5XVFFHbW9ubmFIZjk0TnJDdDdlWGZiQzFFeXFJWFdCQ0Q3WXptamRuSUJqSDM0MmRLeEFER0FNczNPM29GakRfazdMU0RFS2VDVTVhR3ZDRkJPQnBuc0tNdTh6YkVud0hCUkJXbmNiT0o3dTd4VXZfbmlWR1BraWwxZ0EteEl5M0ZwUjF6S29wMW90X2c?oc=5,autonews.pt,Pendente de validação,Resultado de pesquisa RSS; confirmar na fonte primária antes de integrar.
CAND-3e639b25c1a6,2026-09-23T07:36:11+00:00,pneus campanha Portugal Bridgestone,"Bridgestone recebe, uma vez mais, Prémio Cinco Estrelas - Clube Escape Livre",https://news.google.com/rss/articles/CBMigwFBVV95cUxNSi1JcEM2cFgwWkV0dzFiQmFwTlBsYnphZ3gyYVRsTEpuNTNRZXB4RmUxcjgya0d3U1R5ck5ZeFFDZmhWeUpXY19nVm5kQzMyTHNia3hmaGY3UV9tRW1XYlRldEpDUU1sSjZwNTl6TTVLRDhHb2R3YnFiX0hieVN1TkJ6aw?oc=5,Clube Escape Livre,Pendente de validação,Resultado de pesquisa RSS; confirmar na fonte primária antes de integrar.
CAND-9c06d13c4ff2,2026-09-23T07:36:11+00:00,pneus campanha Portugal Bridgestone,Off-Road Bridgestone/First Stop Marrocos 2022 foi um sucesso - revistadospneus.com,https://news.google.com/rss/articles/CBMipgFBVV95cUxOTUZQbHp5cUxfclVkZHRWNmdadnM2NU5nSHVCQnV4VWl0VGdQQ083azNiZnM5SDlTSGlmbFBSa19SajVMMm9BcmlnVW5pY0NtUklaZ1pKV1k1QTYzRkhDQ3ZDSnVReHZvQVViZzJaQkF6LTk5SVQ4TF9KN2o1Q0tReTBUeHQwNEljWGVIenBJeGF0MFBWamZ4NUlUVXZVYmFfdS1DUmRn?oc=5,revistadospneus.com,Pendente de validação,Resultado de pesquisa RSS; confirmar na fonte primária antes de integrar.
CAND-35f39c66af9c,2026-09-23T07:36:11+00:00,pneus campanha Portugal Bridgestone,Pneu Battlax Adventure A41 equipa gama de Aventura da BMW Motorrad - andardemoto.pt,https://news.google.com/rss/articles/CBMirwFBVV95cUxQNjJtX1hweEhlXzdNdFhrVzAxT2F4NXk0cnBBVWd1MThaOGx0a0UwWkNSUzhBLTNseEhTbWxwT21GTFdCakN3QU5fZXJORXJlRy01cmN4dEp6YnhlR2hwUkZ6VVVEZXBkTUgzdS12VmdoZnZwWXdkWW5wV3hzQjVHaVNpNjJkVk1RcC1aTjJqcEZUZG9GRzZGNjB2WUdDTmtaY1JmQXVaT0hoU2hHS3Nz?oc=5,andardemoto.pt,Pendente de validação,Resultado de pesquisa RSS; confirmar na fonte primária antes de integrar.
CAND-47b6d79b70ad,2026-09-23T07:36:11+00:00,pneus campanha Portugal Bridgestone,Bridgestone Battlax Adventure Trail AT41 - Motojornal,https://news.google.com/rss/articles/CBMicEFVX3lxTFBUSWItand0RGgtTE5BZVB3cERKVkNlLUx3UHlsMHlZVnR4S0VLQ2JXMGNlV1UyVDB3bldkY3U2QklVWkthaEhOejZIdmllT3hVWlctaUhwWnZ0S2VMQV9IY2xoSFUyZXl6dlRnMEJzem4?oc=5,Motojornal,Pendente de validação,Resultado de pesquisa RSS; confirmar na fonte primária antes de integrar.
CAND-cf5beb0fb1f0,2026-09-23T07:36:11+00:00,pneus campanha Portugal Bridgestone,Teste Bridgestone Battlax Scooter SC2 e SC2 Rain: novos pneus radiais para maxi-scooters - andardemoto.pt,https://news.google.com/rss/articles/CBMiwgFBVV95cUxNaHo1TTZxQ0tpSnZaaXdMOEJ3NmJ1VmN1N0RHQmZWY1dqaWFJUDJUV3htdHBUeVBpN0hpaHYwcUNxU3JCTXpTM1JNaHFXUGZueVRhUGtQa1FXU3NuMm1PYWkwc1Q5QzhUemZUanEwVTlkZEdGa3l1N0tZU1JNSThEcnAxR0FWUFl5SEQxY2toZUNaajVzdVJoVmZzT1BBenFQQkN0WDlnN1M1Yll6c1NmZmJ0Nkd4SEpyR1pST2M1WEdFUQ?oc=5,andardemoto.pt,Pendente de validação,Resultado de pesquisa RSS; confirmar na fonte primária antes de integrar.
CAND-9386eda68573,2026-09-23T07:36:11+00:00,pneus campanha Portugal Bridgestone,Team Bridgestone ruma aos Jogos Olímpicos e Paralímpicos 2024 - revistadospneus.com,https://news.google.com/rss/articles/CBMipwFBVV95cUxOc0JMVVdrbFROV2pjS1JLeFpURzRFcjRPa0MxVlZTQVFaOXgtaDlQalk5SU9ZUFdENDd4RVkyZG1HQ1ZGWGpvYnZBN1N2QnBseHIxWUFjM0pvVWRtWmxNeEw4ZkdoRU9ySUhXVkpNRzE2MGR6cnhSVjJhQ3VjTTVSSTBvb0ZoNDRYRjN1dXlmbkpDWjJGUVpQS3ZVM3pZQ1pwdmpiYTBXYw?oc=5,revistadospneus.com,Pendente de validação,Resultado de pesquisa RSS; confirmar na fonte primária antes de integrar.
CAND-d7e2ce7e1130,2026-09-23T07:36:11+00:00,pneus campanha Portugal Bridgestone,Suzuki confia nos Bridgestone Battlax Hypersport S22 para a nova Hayabusa - andardemoto.pt,https://news.google.com/rss/articles/CBMiuAFBVV95cUxNaU1uS3BLXzZ0M3JRYVJDcG56ZTRzeTlfS3Zpd2xza3VxT2hZcGlCek51V0xCbVN3TmthRWM0RUZnTFlBZk9FaU5Ibnl0QVp1Q3dUcmF4MDQyMmFJRFhPNG9jeFY3TjNWR01HamVvYkNSckxUQThaRm10TzhRMkN4VExLX2ZvbjNQcUNjd2FpZm42UkRyME5yZl9BNVRaVTFrUlhEbVBqWnU3VkhVQlZSekpEY1VzRUF4?oc=5,andardemoto.pt,Pendente de validação,Resultado de pesquisa RSS; confirmar na fonte primária antes de integrar.
CAND-c1fc5a617992,2026-09-23T07:36:11+00:00,pneus campanha Portugal Bridgestone,Bridgestone conquista acreditação ambiental de três estrelas pela FIA - revistadospneus.com,https://news.google.com/rss/articles/CBMisgFBVV95cUxQODc3elExX1JQa2kwNGx3dTNtR0NZLTlxSTJPQTR0OHlhMVE4R0VmakJhTE5OS0VkQXRTaVcyUWN1QVc3aDNPNU11MVBfeVd2U3hMaHpkWVI0RVZBTS1zT0VGYmh1TTVZbUNZaEJVOHotYlAySzN3dmtydTkzY3Y3a01OYXhweWNWU2Jmb3NDVVF1TDVGUDdTWW9ROU1LM3JDQmtQeXVVbG5ZQ2JqTGZRUVd3?oc=5,revistadospneus.com,Pendente de validação,Resultado de pesquisa RSS; confirmar na fonte primária antes de integrar.
CAND-09f6df55df10,2026-09-23T07:36:11+00:00,pneus campanha Portugal Bridgestone,Bridgestone investe 3 milhões euros em pista de Manobrabilidade - revistadospneus.com,https://news.google.com/rss/articles/CBMiqgFBVV95cUxNTFRFOTlKVUVRZXUzUTQyR2h3YUVKTkg3WDhiaFNKNjRHSjlvbFZ1WTJhTmJJbmlFY3dNRG1hZDV6OXROcWlZRHQzMWdqbXl4VGRUek1BTFdvdHlXYkhxQTJjZlJqdHU3OGF3LVNLd1g2TGR4UDdtZWhJbTRVQlBUVkZZeUhCYVA2Qm9Ed0REYld3azRxTUNmQU9JeDFmLXRrZ0FmcElBaExZUQ?oc=5,revistadospneus.com,Pendente de validação,Resultado de pesquisa RSS; confirmar na fonte primária antes de integrar.
CAND-7da86d00e3d5,2026-09-23T07:36:11+00:00,pneus campanha Portugal Bridgestone,Bridgestone apresenta dois novos pneus para o segmento suave On/Off - autonews.pt,https://news.google.com/rss/articles/CBMirAFBVV95cUxOeHpVR0xPbElGTzIzWmI5VFI3Q1o4V0xkZEtScU1ieFhQMV9fYXNkS3ZYNU1KWHJrb2czM3dTUnFmYjloYTNncFU3S2t3Z1JtQkx4VHNvTDVFVjFfRmZYNWwtWVR2b2licHFkOFg5Q1Byd0NCZml1NUcwSkNlRlBhWmxkNVAxQ0c5clFwT2V1dlZLS3VEZjc1ZkE5Y1Rtb1dzUE50ZXBXU19kalBQ?oc=5,autonews.pt,Pendente de validação,Resultado de pesquisa RSS; confirmar na fonte primária antes de integrar.
CAND-bfb41ba324ba,2026-09-23T07:36:11+00:00,pneus campanha Portugal Bridgestone,Novos pneus Battlax Hypersport S23 equipam Yamaha MT-09 - motomais.motosport.com.pt,https://news.google.com/rss/articles/CBMimwFBVV95cUxQV19aZC1rdXN5eUh4cVRCY2RJTUVlc2R0XzFBdDBHUzlWTjZNQ0JUc0RJNDlUTXh3aWdiZU15YWlza0RFZktRTWdvR2lQamExT1NhMlVXY2swWUNXU1hfT09aLW9SX0VwSHZaclo5TENETFg5bnNscjR3V01RX2ctZjRuR2ZrX09EY2FFLVo4amlmaGpnb2FmV0J5QQ?oc=5,motomais.motosport.com.pt,Pendente de validação,Resultado de pesquisa RSS; confirmar na fonte primária antes de integrar.
CAND-a34149c0b034,2026-09-23T07:36:11+00:00,pneus campanha Portugal Bridgestone,Bridgestone Hypersport S22 - Performance sem compromissos - Test drives - andardemoto.pt,https://news.google.com/rss/articles/CBMif0FVX3lxTE03dm1PQzdXNnlpRHFQeHEwQ2Q2LUpYMk9DSExTTU1lWlhKSlhfX1hVNk5CSkM4QXk2TXJKLWl6cl9kZXNSZzFXNy1nT1BZaEduTXJqcjM4Nk1UT25hSVpBNkE0d3dFSU8xcHNDNEFKVUVMclZJYkZ5ZzJHeWxRRFk?oc=5,andardemoto.pt,Pendente de validação,Resultado de pesquisa RSS; confirmar na fonte primária antes de integrar.
CAND-53f2e4963ede,2026-09-23T07:36:11+00:00,pneus campanha Portugal Bridgestone,Da polémica dos pneus ao pódio inédito: Tiago Monteiro fez história na Fórmula 1 há exatamente 20 anos - SIC Notícias,https://news.google.com/rss/articles/CBMi9wFBVV95cUxPQXk5eTZ0dXFmZWF6dUk1dDQ0aGRLVGdUMm5qQ1ZHRVBCNV9lTmNtYVdvb3ZPNWxoNmkteTRqSWtLd1l2UXVPSUQ2T1YtQ2kySDE4M0RMNEVqNmwwN3V3WGpaRFJqUmw2a0NnSmtPQnk5VVhoVW83aTZOemlMaVlfblNxejZ0SFhKZ1NGLWpiRjJVd004SjBROFRnbW1wenhrcUN4QTJSejRic0paOWtUZXctSUhBQ0Z4clNaaF9NUHBTX2xlYlVkTXB5X0JuME1nSmZ3RVN6YTRvS1p2emYzYVNoZFlQRDB4ZXd6SExfMGZIOEhGRWlJ?oc=5,SIC Notícias,Pendente de validação,Resultado de pesquisa RSS; confirmar na fonte primária antes de integrar.
CAND-c6c1c5356e7e,2026-09-23T07:36:11+00:00,pneus campanha Portugal Bridgestone,Equipamento: Os melhores pneus de Sport-Turismo para viajar - motomais.motosport.com.pt,https://news.google.com/rss/articles/CBMipAFBVV95cUxQYXdHM0tQNURyaEpQeThpeTdERktCRjFMMHZPSFV3enpZV1JPdDRld0hYY0ZBTjg3Z1dyOHFxN01iX1oxUUVkWk9fUlB5WnJSdFFzSy12OWV3RW4xQzJld29Id0tsZFRveDRuUGk3c1FPUURJcVRnOVRDcUJZUTJnb0ZrLVFkRS1KMHI3VE93U1NzVFZmV2lOenhSYWlkRjZlazZDNQ?oc=5,motomais.motosport.com.pt,Pendente de validação,Resultado de pesquisa RSS; confirmar na fonte primária antes de integrar.
CAND-2ad8c220b3b5,2026-09-23T07:36:11+00:00,pneus campanha Portugal Bridgestone,"""A Tiremaster encontra-se numa fase de expansão"", Rafael Louzán - revistadospneus.com",https://news.google.com/rss/articles/CBMikwFBVV95cUxORlZGc0haamZYaXpSNFJFN3EtVlFwd2dYellJY3BjamxrZHNLSHVvbVhoYkxNdjZTMkNQeEhxNFliQW40YzZaZENPTkE1eldqckYyRTRiVTZoQUhqMzc2MUZmQTB5Y0FuaFY0ZGxHM2Q1YUJPSnVJOU96N3pRU2VoT1EtN2Q5bHNKa0F1VERJa1paNjA?oc=5,revistadospneus.com,Pendente de validação,Resultado de pesquisa RSS; confirmar na fonte primária antes de integrar.
CAND-bc0a213e897a,2026-09-23T07:36:11+00:00,pneus campanha Portugal Bridgestone,Bridgestone Battlax Hypersport S 23: Ainda mais eficaz em 6 tamanhos - motomais.motosport.com.pt,https://news.google.com/rss/articles/CBMixAFBVV95cUxPaGM0TjVqNTVrUGRLekN2OHc4eG1DQzZEWkU5aW5rWU1uR293eTBQLXg1a19zbzUtaDg1dmo0cHgyUGFvbDc4UG1fYVVteTl0dm9fUUg5dnlqMENHRmpkTkRGYmRLa25lcE1GczhTUmp2aHdTVVBobU1RMmF4NFdJaGRsemdOVUh6alZyZ2o1aWpWZWROQ1VRMzhDZFFkbmFJYzhNMUx6MzF1dEFIbFNFaDEzV0ZQUFQxMzI1UXh6TkhTWVgz?oc=5,motomais.motosport.com.pt,Pendente de validação,Resultado de pesquisa RSS; confirmar na fonte primária antes de integrar.
CAND-27ad7a0a86b6,2026-09-23T07:36:11+00:00,pneus campanha Portugal Bridgestone,Bandag renova imagem e lança conceito “Built for Better” - Revista Pós-Venda,https://news.google.com/rss/articles/CBMigAFBVV95cUxQRHhTbXpXRXRIZV9ROXMxWl9xM0t3eW9rZU9QWUFjU3NGcUhQS0RuaEVuR0FiVjhLWEl1T2p3R3RaZXdDUWJoT19rN2kteFJicnpSRkVmMFBhX29SWEFEWnJUU094aEVnMk00SG1Ib1BjTnZNdjBMbjlkaGk4dDJCbg?oc=5,Revista Pós-Venda,Pendente de validação,Resultado de pesquisa RSS; confirmar na fonte primária antes de integrar.
CAND-fd54fca350ab,2026-09-23T07:36:11+00:00,pneus campanha Portugal Bridgestone,Bridgestone anuncia novo pneu para as Cruisers: o Battlecruiser H50 - andardemoto.pt,https://news.google.com/rss/articles/CBMirwFBVV95cUxOYTlQcWZRTDV4TzdjMFp1WXp6TzBGZ0dhTkxpa2tXMDVta3VjMF9WbzFFclBOQkphbTZ0WHpmeXVabzZXM0o2Nk9QQ1ZSTV9QbEtrZHM3VFh0dkQ2Wlp4RnFmSUw1OGlvMFEyR2dKOVVyM29WMWhOekhJclU0R3QwdVVoTlppWFdQMEF5ZEFPZjVBOG90MW9lWXNpSVZIRGJ6emNBaE42eVJBWGNiLTJJ?oc=5,andardemoto.pt,Pendente de validação,Resultado de pesquisa RSS; confirmar na fonte primária antes de integrar.
CAND-609e368515ff,2026-09-23T07:36:11+00:00,pneus campanha Portugal Bridgestone,Abre primeiro posto da Moeve em Portugal - Cepsa transformou-se em Moeve - autonews.pt,https://news.google.com/rss/articles/CBMiiAFBVV95cUxQLTdmUXNCdnJ5WkRSZ1dLVUlxZ0JpMXMwUDZhQjJrOGJ6YUNKZWhNdTd0OG5LMl93ZGp3NDNCZ3g2QzNqa1NzUjR4UGtMZVJRSzFNUWRPYms5YU51VkdpUlNZZlVXa3BYMjFkZXZSVUw4VGJGVEtmMTRmbzdQajBoMlRJUXR4SUwx?oc=5,autonews.pt,Pendente de validação,Resultado de pesquisa RSS; confirmar na fonte primária antes de integrar.
CAND-be6d0b11646c,2026-09-23T07:36:11+00:00,pneus campanha Portugal Bridgestone,Vagas na Bridgestone no Brasil: novos empregos e investimento - Vagas Pelo Mundo,https://news.google.com/rss/articles/CBMidkFVX3lxTE16aGV3V3FRbkhnbmM3dFNfRDNaWHpTa1pvdkQxMEVmbUJkd1hpODNZdldnQUNQYVoxZFhmcW9aNDZvdVA0dkttd1dqbEdOUnBTSEhGUmtZS1NQVVJFOVZuaUpWdFBKeHJ4LV96MDJ6NGd1eEp0bnc?oc=5,Vagas Pelo Mundo,Pendente de validação,Resultado de pesquisa RSS; confirmar na fonte primária antes de integrar.
CAND-d3f2f9d3557d,2026-09-23T07:36:11+00:00,pneus campanha Portugal Bridgestone,F1: Pódio de Tiago Monteiro foi há 13 anos - autosport.pt,https://news.google.com/rss/articles/CBMihgFBVV95cUxNSjBJZVBEdW9sVFg1RjhNbnBvamtUQVFRdC04MVAtb2JhX3ZxeWQ1by16dUVfbjdoR3VELUlZakZZaU5VdjFpbV8wVXV3WTNLVURzeDR6blVyNWRZRHB4V21uWHFGajc4Y2J6VU1MRElRMVlhMDlNRzJDcHlxZ0ZiemFBZHNhQQ?oc=5,autosport.pt,Pendente de validação,Resultado de pesquisa RSS; confirmar na fonte primária antes de integrar.
CAND-4b728ebbf460,2026-09-23T07:36:11+00:00,pneus campanha Portugal Bridgestone,"‘Queremos chegar a 2050 com 100% dos pneus recicláveis’, diz executivo da Bridgestone - O GLOBO",https://news.google.com/rss/articles/CBMi7AFBVV95cUxPSUFCQ3UyNzY1RFNBRWFfNkdIdVNQaG1CRk9oaTBPeVQ3Q2g4NHdjaHhLUlN6bklmdFhmRHA5SWdEVnhBX3pXd2VwRzNqTFVvcTdNY2N5RWlOZmp5N2ZSZmJtNE01bHhjaFJUWFRFY1lzSlM0bXpPemJULXh1NE91S2JWVEVJcnlBVFZmQ1VMUFJNVmQwcUJGLXlqMll4T3ZKeFB3cGc2QUwtSWU5SWFDcW1MY1NTbUdqRXJvbTB3S3dPSXkwNm1oalBWRkVCUHpYUU9kbDQtcjc4aFRJaEt1QXRaU2s3cU1SVVlBMNIB-wFBVV95cUxPYU4zSktnbGZ3NE9KNUNZXzFpUk1ManFBTmxXN0lnNlZwVTkwWTJfdFc5d2twZ1FHdE53NDY5YUU4UGxNR1dJdk9hTF8zNng4VXEyc3YydmwzSVFBdHhNdmYzY0l6My1VZUowRFBsUUtMbHBRZGVWZF9zSkRDa1VUWGN4QUZheGVQMXJObUhIbjR2UHRuTnlzejRzYy1hWE10V21zMXpMRVduejQ0Zzhxb2pnS29hWHRDUlR1cXNKbDNENm9HV1JrcDhDZVAxYjcwLXFsLTdUSHA5Q1k4QTYyelZ2aDVMbzNoYW9zM1pZcGtva0RVUnhuczR6Yw?oc=5,O GLOBO,Pendente de validação,Resultado de pesquisa RSS; confirmar na fonte primária antes de integrar.
CAND-cc8c06125d3c,2026-09-23T07:36:11+00:00,pneus campanha Portugal Bridgestone,MM Artigos Imperdíveis - Como os pneus podem decidir o título da MotoGP em 2015 - ge,https://news.google.com/rss/articles/CBMi3wFBVV95cUxONDJKQ2RMc3V2anVLWTZieXo5Mm1LMkpFWmtNTFJTanRpdlBaanlpSHJ5b0pXT0ZWMTUwVW94VXp5UnVMemFVQ3J0VHhiS0ZGckhzLTBMV1NpZW9wRXhwUF9iVWhObjJCTHdRM25xbG9ndkNtczdvb0lUelBCTnJIeEdtRWI5UE9OWHBhMnlWVGVTRHJVOGN5eFQybVZnZXhpbTZPRGptWEtsQzZXUnl6bEFSR3dsOVRVcUJ4UXZoS0Zic25jTnNxS0tBV3QxVTRVX0p2bGlOSmEtdko5bkk0?oc=5,ge,Pendente de validação,Resultado de pesquisa RSS; confirmar na fonte primária antes de integrar.
CAND-a20df807f982,2026-09-23T07:36:11+00:00,pneus campanha Portugal Bridgestone,"Lisbon Motorcycle Film Fest 2025 já tem data marcada para os dias 16, 17 e 18 de Maio - andardemoto.pt",https://news.google.com/rss/articles/CBMixwFBVV95cUxQUmViTXhFbDZHUUdiSDBneEZZaDk5bzJQcm9GbHZ5NFlBQ29uR0xWTnEyZzZXTjg4RG93V1RrOVBkUWQ2ZFgwR1VLeWhIMEo2R0IzYmVrMElNc3A1VUNXVDZidDM5SmJTV0duN3B5U1ZJLXVuM0U5UVpxLWk1MVlUX3l4QlkyYjlINTJSX05OX1JwcG1rT1J1dUdIemc2bmw3Nzg0UWFTbGlEakZaYmRpXy16aHBhM1JBWUFtWEc0R2Y1Uk5lbWVj?oc=5,andardemoto.pt,Pendente de validação,Resultado de pesquisa RSS; confirmar na fonte primária antes de integrar.
CAND-fa3ab1e9a1bb,2026-09-23T07:36:11+00:00,pneus campanha Portugal Bridgestone,Bridgestone Lança Pneu Sustentável Com 55% de Materiais Reciclados e Renováveis - diarioeconomico.co.mz,https://news.google.com/rss/articles/CBMi4gFBVV95cUxNUHdMc2VpOV9yaGJ4RzN3aEstdkU4czNNa0FzLVduUmZlTTliOTJFazNNZ2lUZFRCVXdtM25BRzJSNVRDMk81TmNjQjBFWHpGUlpKdnVmQ0UtLUxZSzhuOUpFYVYtQ21lb2FMc1p4NGh6dnEyWTJBNlhpOHV2OGhYSVZMZkVFd0V2Q09HcTJqUG1YVUpmYTFnVS0zNTZmQjlGckJhNDloQkdwSUhmSkhWVVFETXNMWGFlUzluM1llbjk4cGZoSlFZSWp5SnNHRk9JY1JGbWJwMzNNdWtXNHI4eVVn?oc=5,diarioeconomico.co.mz,Pendente de validação,Resultado de pesquisa RSS; confirmar na fonte primária antes de integrar.
CAND-8792a170532d,2026-09-23T07:36:11+00:00,pneus campanha Portugal Bridgestone,Bridgestone apresenta pneu que não precisa de ar na Tokyo Motor Show - TechTudo,https://news.google.com/rss/articles/CBMiuwFBVV95cUxPS0l1cDFmdFVwaHFId0RLT1FGNVppVHBFcXROZ19vR0J6NnFHeFUwRDJQalFKV0ZXR3RWQmFCLVpqVllDWm51REU1WnZfQ2t6bDcxRHpURlR3ZXVNVmpPa2hEWkFEYnBzOGc2X2FDc3VQMDB5MFZxTmtTZmZMSEFMRDJVYXktZnBxbXdQNGZMOHlBQ3BQNVhwNWtFSVR1Ty1EcmJORFgzZkNFdWN5T3Ewa19JZjlFVHRfS0F30gHKAUFVX3lxTE5vaGtjalYzclo3bFMzSmljN0UwLXdPVWh2Y1FCZkdhNHRGMDhRSUtwbXJXNko5dUVmX3RpOWFfQWR5SDlQOUROZVZzTlVGblpVaHJjQ011aUxtdmpTNUJPckZzQ1hWdVNEVFVxR29EQ2J4RXFhYzNldU9UYjNLRGlFZFQxa2Q5dUdOa3dVTHV0UmNNSjR2X2N4d01yQUYtcFZQM2ZaVDRyVlE5OVpaaU9DVXBwbGNQTXFHNTVOOVY5TFN4QmpqcHY3a0E?oc=5,TechTudo,Pendente de validação,Resultado de pesquisa RSS; confirmar na fonte primária antes de integrar.
CAND-e51d45cfd71e,2026-09-23T07:36:11+00:00,pneus campanha Portugal Bridgestone,Bridgestone anuncia novos investimentos em sua fábrica da Bahia - Tecnologística,https://news.google.com/rss/articles/CBMivgFBVV95cUxPMWo0UTFldmRTa2RjeExIUUFZb3UyNGpnR0xPckJ5MjhlQnUyY1Y4VW9PWE1RSnk5VEQwdTlBcVVTTzNKdTNtMFdBTmtURTdNNkNXT1NNNktxaU1NeTUwSTBMblRMTnE2N0tNYVhUemRmbFFkMFdSWmN0UWw3ekJNaUtMYlFkaGlqSkZFaG9TVlJCb2lrRjZqOUJackZsU3lwV2N5aXJXUE54cG84U0o0R3F5VVliblJ5UnFVNWp3?oc=5,Tecnologística,Pendente de validação,Resultado de pesquisa RSS; confirmar na fonte primária antes de integrar.
CAND-62c7277259ac,2026-09-23T07:36:11+00:00,pneus campanha Portugal Bridgestone,Vicente Marino assume a presidência da Bridgestone América Sul - transportemoderno.com.br,https://news.google.com/rss/articles/CBMiqwFBVV95cUxOMFpyb0pKTjRscFdWOXBkT2hLRWR5QzdmOWtITlpPVGxjcXVvYXB4SHl6LXVyRHl5cURYZlowWWRjUzVKbm9TeHljQ21zNGpxZ1hpNGtUVkotZlZCcGRwN3ZWZ20xWHVVYTJRQ3VZNnJDa2hqaVYyMlFFQ09fME5UWWk1VUZoRDFzUWt4U2FwMjBnQV9EQWlvaU55YmJwOHZaQlMyZU5aS3p1MVk?oc=5,transportemoderno.com.br,Pendente de validação,Resultado de pesquisa RSS; confirmar na fonte primária antes de integrar.
CAND-a175bf251e58,2026-09-23T07:36:11+00:00,pneus campanha Portugal Bridgestone,"Pneu M804S e banda de rodagem Bandag BTL2B, da Bridgestone - Tecnologística",https://news.google.com/rss/articles/CBMiyAFBVV95cUxNa2d1ZkZCRFpLTmdkYlRiYU9ZazROSHNRclJRbzFiX3JuUmpfWGtBZGNIdVR3R3NRQUtzcG1Uem40WEFKY2lPeDVoRXo4bnpJWjhkN3VHWGxVNGw0VFQ5VGFhTHNKeEk1TkFaVlRJM0VkSXJmbHZPVG1vYnlmaENCZGpxWVRKdzFHc1lGQ1l1cE1XbHhJTjdiNXdmQlBqR21tcWNPbGdvcHdvSXFyU2ViNmlJZEI5TFgwOUFUTWtNcE1OSExCbjhiSw?oc=5,Tecnologística,Pendente de validação,Resultado de pesquisa RSS; confirmar na fonte primária antes de integrar.
CAND-99000136a855,2026-09-23T07:36:11+00:00,pneus promoção Portugal Norauto,Norauto apresenta quinta geração do Prevensys - Revista Pós-Venda,https://news.google.com/rss/articles/CBMidEFVX3lxTFB5MVJKdm00cnI3VWtDWW50djBZLXRZRkQtenBDMVREcXQybVZ3Q1I0YTRSVzBmbllMdTRTbTVDZG5ra0o2VEtYMHZWVVRSUXJUeEYtU1NIdThBdUtRR1g0UnNyZXZrdUp2Z3dvbXZESTZRc3o5?oc=5,Revista Pós-Venda,Pendente de validação,Resultado de pesquisa RSS; confirmar na fonte primária antes de integrar.
CAND-e2ca0ea6c945,2026-09-23T07:36:11+00:00,pneus promoção Portugal Norauto,Norauto apresenta Prevensys 5: o pneu desenhado para durar - Correio da Manhã,https://news.google.com/rss/articles/CBMiswFBVV95cUxOT202VjN2VjMwSGlRVnFUUFl2aG5wVnR1NF9zcTVtYUZFek1tekZCbjBzdDg2NG5qYm5kRVhqR05Oc2ROeUc1WlkxdzdrYVM3MWhwcWV3cUs0azVBbS1ZTDMwelgzcURTSXdwU2RBalA5alFlOFItY3djaGl0aXpUWkdscGFmcXRlZkxDeUxzdEUxSmdjaGtKMXl2T3pUZmw5azZ3MFNiVXh6T0pwU1ByaWh4NA?oc=5,Correio da Manhã,Pendente de validação,Resultado de pesquisa RSS; confirmar na fonte primária antes de integrar.
CAND-a2ce068c058f,2026-09-23T07:36:11+00:00,pneus promoção Portugal Norauto,Norauto Prevensys 5: o pneu desenhado para durar que oferece garantia de 50.000 km - fleetmagazine.pt,https://news.google.com/rss/articles/CBMiWEFVX3lxTE40bnI4MVJpTDVXRFlPaFI1U284MUJfRlhjQS1TOHljemNPUW9oSUdmUjVNRFVrM2NjaXY0c0RqSHV5VlBIclphMFFOd0pFTkF6UndTREVaVl8?oc=5,fleetmagazine.pt,Pendente de validação,Resultado de pesquisa RSS; confirmar na fonte primária antes de integrar.
CAND-4e2de02614ce,2026-09-23T07:36:11+00:00,pneus promoção Portugal Norauto,Clube Norauto: o novo programa gratuito para não se preocupar com as chatices do carro - nit.pt,https://news.google.com/rss/articles/CBMiswFBVV95cUxOMTFlMjk2LVhmMm9vREZTdWZtZ3Z6ODFwMlltc3FDWkloRDZteU1YM1lhMHI1cEJ5SVF1X0g0MnlFMEZESUh1LUpIME5sbkVkRUl4NVdkUDhZUXFrRU1hNE9fSGV5anZrR1R0QzRXTTFkcFNKMnMtc2ZuRU5pQmJkdEZMU2Y1RmhYLWRpNlhNeHFpcmhPNGFkLU96dld1M3A4cG1iZDRSMVA1ZjM0UEgzN0E5UQ?oc=5,nit.pt,Pendente de validação,Resultado de pesquisa RSS; confirmar na fonte primária antes de integrar.
CAND-f3930b60499a,2026-09-23T07:36:11+00:00,pneus promoção Portugal Norauto,Norauto dá Renault 5 elétrico nos seus 30 anos - LusoMotores,https://news.google.com/rss/articles/CBMihAFBVV95cUxPYVAwNTlROVBGNzVUd0wzWFo3dzlhc3pPSU5SMU5BUzFrbDdYal9MTEVXdlExMW9GdEpLSm5VOFVNWXk2NTZCS0RMTW5oT2FyTm9CdHFyVExTc0w2d2t6djY5OHBRZG1jWmdhcV9TRTZmWW92X1BfQ1p3RkJKZzQxMVBCN1Y?oc=5,LusoMotores,Pendente de validação,Resultado de pesquisa RSS; confirmar na fonte primária antes de integrar.
CAND-193e18df9941,2026-09-23T07:36:11+00:00,pneus promoção Portugal Norauto,Norauto reforça aposta no segmento empresarial com o portal Soluções PRO - Revista human,https://news.google.com/rss/articles/CBMiqAFBVV95cUxQY2pTM1JLeDk5SnFoTTBZTGlvVzMzTzhQa1dGSEZ2eWJ4WkR0b3V1RlhSM3hVZllpWFFVcFNkZFVUNzdZWGlWR2gzNmFQY2p4eWtMVlpQVVJFSl9UZEJ6WlVrMWUyZHRmRmoyUmFjTjUzZE1EU2o4bHhTMkFfNm9EcDUya2hCbDhSSFVhSWVxa3kxalFsb2prc1BoRTZUMlp0M09pQUwtRVY?oc=5,Revista human,Pendente de validação,Resultado de pesquisa RSS; confirmar na fonte primária antes de integrar.
CAND-870c6411de62,2026-09-23T07:36:11+00:00,pneus promoção Portugal Norauto,Norauto lança certificação da saúde da bateria para veículos elétricos e híbridos - Grande Consumo,https://news.google.com/rss/articles/CBMirAFBVV95cUxOUnVNTkpaNzk3NGx6eTQ1MUxPRWEzYVdad1J6MFNHT2RCVTJ2cThHQ0J0bVhMZVFlMkVuWVhjLU43S0ZEM25fTFpDMUVNd3RrRmY5YVVidE1LZ0g4blVablBYRHY1clY1UFZzWHljc2M3TE9PREpvYkIydk40ejdqSWp6TkNvSUhOQmg4b041X00zS2NmYWhQMXpqYnZzTnpxOG5oc1dlUFY2amVX?oc=5,Grande Consumo,Pendente de validação,Resultado de pesquisa RSS; confirmar na fonte primária antes de integrar.
CAND-8fc394be1c5f,2026-09-23T07:36:11+00:00,pneus promoção Portugal Norauto,Norauto Vertik 200: Novo suporte de tejadilho para bicicleta com instalação rápida - topcycling.pt,https://news.google.com/rss/articles/CBMirAFBVV95cUxNeTVGU0Y2Q1hvNE9QX0N1aGRxSWRHS3hzWklib1BBTTQyTXd2UWNNSURrOXlELVJtUXNJcVVZNVdObUVaWVVrVElzZUxrRFlyRVVjQ0tLN25nbXNlU0phemlYaTNMTUJjVndWam5abmdVR3EzYTJmS29ha0oxR3FBR203ekFPQzIwSGxMYVN0cU9KdXotaGhiRU00ak5oN0pxQ0VHY0dIRTF0RlR0?oc=5,topcycling.pt,Pendente de validação,Resultado de pesquisa RSS; confirmar na fonte primária antes de integrar.
CAND-151af2ceede7,2026-09-23T07:36:11+00:00,pneus promoção Portugal Norauto,Norauto procura novos talentos com estágios e vagas de verão - Jornal das Oficinas,https://news.google.com/rss/articles/CBMilwFBVV95cUxOUnhUbTV4SXI0ZE1TWXRxdThGcGpzU0k1UmZFZXBQaVk2QWYweE9maGRubUZxNGhYX3RXNWxTbXZsZXF0cWh4V1Z5bDNaeEctXzJWVDlaeUM2cEVFd1g1QUFBeHFpVXRBU3FOa3hiUHFwSS1hbC1OVWtTRzRTdHA4T1laYnQtTXJFanlEUGMzeU9qTUo1UjVj?oc=5,Jornal das Oficinas,Pendente de validação,Resultado de pesquisa RSS; confirmar na fonte primária antes de integrar.
CAND-73e1082c0c31,2026-09-23T07:36:11+00:00,pneus promoção Portugal Norauto,Norauto lança serviço SOH para veículos elétricos e híbridos - Revista Pós-Venda,https://news.google.com/rss/articles/CBMiiAFBVV95cUxORkVZV1J5eWMweGxzNnVxQk5rR3FZR3F5M1A2RHR3MHRUbF9BcGpqWlhTMFFqdmI0NE92MEJtLVE0aUlsa1hxVVptY0MzT1hsSG0yV1ZmeU9RdHV2bUJuMVZrR1F0NnBEQ0N4VmVIVVpsYXAyajJ4R2FkVThuOUxRWFpGRGtlTldz?oc=5,Revista Pós-Venda,Pendente de validação,Resultado de pesquisa RSS; confirmar na fonte primária antes de integrar.
CAND-ab79af8362dd,2026-09-23T07:36:11+00:00,pneus promoção Portugal Norauto,Norauto lança Soluções Pro para a manutenção de frotas - fleetmagazine.pt,https://news.google.com/rss/articles/CBMiY0FVX3lxTE9QQllxTUVNY0FpVnFCU1N0RG52ZWVEMmt5cGFNdzJFUE4tbE5ZWTlramVOM3l5RThfcTJQLVZ5TDNjcUVZVXZ6ekxrcm5mUGdySTkxUDlkZ2EtS1Uxdm1lRzRFbw?oc=5,fleetmagazine.pt,Pendente de validação,Resultado de pesquisa RSS; confirmar na fonte primária antes de integrar.
CAND-0f812e0734f7,2026-09-23T07:36:11+00:00,pneus promoção Portugal Norauto,Leroy Merlin e Norauto anunciam parceria com benefícios exclusivos para profissionais - Distribuição Hoje,https://news.google.com/rss/articles/CBMif0FVX3lxTFB1TW1RYnItZnlBRnJxYUNackNMVU4zbm1ILVZxNjB6VnVoYUZCcV9ROC1tc2c3M2c2aGd6WjNyLUJMNWxPUHljYTFOUU5UeGJMY2NqNWx2OW14WjhBaVo5T0VpWHZ4cUQ3V2lUbno0d2o5d2U1T2VjWk81eGszNG8?oc=5,Distribuição Hoje,Pendente de validação,Resultado de pesquisa RSS; confirmar na fonte primária antes de integrar.
CAND-fe6356962f91,2026-09-23T07:36:11+00:00,pneus promoção Portugal Norauto,Norauto encerra atividade domingo Páscoa - revistadospneus.com,https://news.google.com/rss/articles/CBMiiwFBVV95cUxOOE9lQi1DcF8zY2RudTM4WXBQTWFMZUgzZ3lwN3lzdHMtbF84QTBnQ2F0Q3EyajVHcmVBSHU0SFBldUJIWmhfNkxYeEVDR0dXMjBfSmtZZEpXNUlKLW5fam1qMWstU3JRVHl0M05kX1NkRnhvcTl5dUlXTVd2RHoxXzRXcVRPMXg4b0Zz?oc=5,revistadospneus.com,Pendente de validação,Resultado de pesquisa RSS; confirmar na fonte primária antes de integrar.
CAND-6b55f3dbb7cb,2026-09-23T07:36:11+00:00,pneus promoção Portugal Norauto,Norauto abre novo centro em Leiria - Revista Pós-Venda,https://news.google.com/rss/articles/CBMiZkFVX3lxTFBNSmpwTEdtVEY3TVdzNUY0N3drbUlTdFdoV2xRUVZldW1jMk9rZEJCakxGSWktOW5ESHFsZmdPMkVEcGx6bEhabVZxbmMwc21WMDEwc3psdGQ2NmFUVTNwcEFwRDk3QQ?oc=5,Revista Pós-Venda,Pendente de validação,Resultado de pesquisa RSS; confirmar na fonte primária antes de integrar.
CAND-73ae9f8cb8ef,2026-09-23T07:36:11+00:00,pneus promoção Portugal Norauto,Norauto cria equipa especializada em manutenção de veículos eletrificados - fleetmagazine.pt,https://news.google.com/rss/articles/CBMic0FVX3lxTE13RU1jX0IyS2ZfazZPdVRJTDBCRXZCbVAzaW9kdnEtZ09OUi1sdDZTdnVIZGRpd3MyNHk2b013QU5NdFdXX1I5TzBlNWowVkhCVVlmYVlPRDd2YkR0UTA3b0Z1d1pmUVVWVmtOS1V5TExiUWc?oc=5,fleetmagazine.pt,Pendente de validação,Resultado de pesquisa RSS; confirmar na fonte primária antes de integrar.
CAND-cc97059b7751,2026-09-23T07:36:11+00:00,pneus promoção Portugal Norauto,"Personalidade do mês – José Luís Barbajosa, Norauto: ""O franchising da Norauto em Portugal poderá acontecer num futuro muito próximo"" - Revista Pós-Venda",https://news.google.com/rss/articles/CBMi4gFBVV95cUxNU1VUc1pDVGNRRWNGMTJubUtGMVNkX0tSZjNVcFBtY0xLQVFRc1VQM1pqaUwzbjJZRzJYdXM4Q3RqQzRIZmZSa2RTV2xHazZQd3lreTk0bEtKbHo0NGdRSTRsYmNTTzdWM1VhMFNUS2dacVZ0Ty1hQ3JHTW50NHZBeHFPSXdtaGpUTXFBZUJBa2UwSlJ4eGNwNjJfNHdnY25fUjZXVGlnYVNEZzFNWkZ5VEZ5SWVzOURWbWs3ZU5oYlZ0cXlHM281Z0oteGoxNnNVMGZZZlZtLU1qajdwUGxtVERR?oc=5,Revista Pós-Venda,Pendente de validação,Resultado de pesquisa RSS; confirmar na fonte primária antes de integrar.
CAND-17ec914434d6,2026-09-23T07:36:11+00:00,pneus promoção Portugal Norauto,Oficina Móvel da Norauto já faz alinhamento da direção - fleetmagazine.pt,https://news.google.com/rss/articles/CBMiW0FVX3lxTE10ZXBENmNUY0dIMkJRTHJqeGxPUGVrZzBnTzduMTZOcWoyS1Q0eG9zV0V3RVZuNUN1dU4wT1JhRmsxakNCVnllNFB6QnBTVzFYZmZseFJnVzFMbFk?oc=5,fleetmagazine.pt,Pendente de validação,Resultado de pesquisa RSS; confirmar na fonte primária antes de integrar.
CAND-45e7d5f1cac9,2026-09-23T07:36:11+00:00,pneus promoção Portugal Norauto,Norauto: a oficina que vai às empresas - fleetmagazine.pt,https://news.google.com/rss/articles/CBMiW0FVX3lxTE1VQmRUZkVfeWY5Sjh6OEwwbXZ6Q0xKSHdCR192SGMwSVRxQ2ZxYWxvNkJzRkZ5cy10OXNScW01VDRzR3QwZDFBei1Ub1RDQlplUGhzcVZqVF9aaWs?oc=5,fleetmagazine.pt,Pendente de validação,Resultado de pesquisa RSS; confirmar na fonte primária antes de integrar.
CAND-b64df07ba3b7,2026-09-23T07:36:11+00:00,pneus promoção Portugal Norauto,Norauto apresenta novo conceito - Revista Pós-Venda,https://news.google.com/rss/articles/CBMiYkFVX3lxTE9TdUUwWkZCdTlyT29BWW5rdHJ2ZDFKaE5DaG5Ob3c5X2phaW1CTHJrV1NzY3NkMHJjNmlIN3NvVklEM3FtV1dwWkJMbXRXcUUwYTA4T0JUTkEtaW9HT3lraWln?oc=5,Revista Pós-Venda,Pendente de validação,Resultado de pesquisa RSS; confirmar na fonte primária antes de integrar.
CAND-ee7a510cff3b,2026-09-23T07:36:11+00:00,pneus promoção Portugal Norauto,Oficina Móvel da Norauto com alinhamento de direção - Revista Pós-Venda,https://news.google.com/rss/articles/CBMifEFVX3lxTE96cG13Q0Qyem5EaWNkRmU4YmNSOFRTa1QwbU1fWDdQRzJTd2dybnR4UFBlRFByY003Tl9yVWxybGdWd3dLdUdfM2FjRDBHalhyakxNd0ZVTHlIYWJvbmx3Mkk0Zkl1RHYtN2k1Skx3d3RoR2FQYkxHYnAyWWc?oc=5,Revista Pós-Venda,Pendente de validação,Resultado de pesquisa RSS; confirmar na fonte primária antes de integrar.
CAND-f406c761e254,2026-09-23T07:36:11+00:00,pneus promoção Portugal Norauto,Norauto lança Open Days para recrutar profissionais - Ekonomista,https://news.google.com/rss/articles/CBMiVkFVX3lxTFBlZzc5NE5Ia1FnMmd3NGVUX1p0UVVVdGJKNmpaWlowMU5Ndk9DdERHVVFuSFpLbUI2RlZJSUtaVVloRTQ2VEpaanpPNzk4RDlvVU04M0hn?oc=5,Ekonomista,Pendente de validação,Resultado de pesquisa RSS; confirmar na fonte primária antes de integrar.
CAND-6df143a49958,2026-09-23T07:36:11+00:00,pneus promoção Portugal Norauto,Norauto abre 26º centro em Portugal (Caldas da Rainha) - Revista Pós-Venda,https://news.google.com/rss/articles/CBMifkFVX3lxTE1ON1JhZkYzTjJmTGpoRjY2QW9DSGlmRG9qTUx2SGowcUROMmNvMk9vOWw1WWlycG9WZHRxc2RBR1hEbkIwOW9pcVJRYVFFNkNZVjl1bnJSQVNDWnU4WE5OTUxOT0FMd21pd2d3RlFWclBfUnNCd2NncktlcGZCUQ?oc=5,Revista Pós-Venda,Pendente de validação,Resultado de pesquisa RSS; confirmar na fonte primária antes de integrar.
CAND-dd833ccf80c7,2026-09-23T07:36:11+00:00,pneus promoção Portugal Norauto,Norauto abre primeira loja de Soluções Urbanas - Jornal das Oficinas,https://news.google.com/rss/articles/CBMigwFBVV95cUxNYjU3c2ZFVk4tVWhhSGVvN04xUGxkcFN4RmpCMzBrTHpqNl8zbW85STJZaUdQdk9hU3ZxdG5SODFyekY3TFJCdGIzSU1lYkZhREdCbFEwN192RkhZbGYxOXNlU3g0OWxQU2V3V2hVb25Bd2lGRjREdU5pU3RTMVd4MTVNcw?oc=5,Jornal das Oficinas,Pendente de validação,Resultado de pesquisa RSS; confirmar na fonte primária antes de integrar.
CAND-b45ce41d0d04,2026-09-23T07:36:11+00:00,pneus promoção Portugal Norauto,Norauto redobra aposta nas frotas - fleetmagazine.pt,https://news.google.com/rss/articles/CBMiVEFVX3lxTE1vOFNGNWh2aWhyMDFWSG40dDFjYllTWE9MTm4tVzdRaUZ5aGk5b0ZPOVM0Qmk0NFB6cXAyTmI0Z3p5YjhjOVc2OXNpNnB3aElKRTFiYg?oc=5,fleetmagazine.pt,Pendente de validação,Resultado de pesquisa RSS; confirmar na fonte primária antes de integrar.
CAND-96b9e23a4d8c,2026-09-23T07:36:11+00:00,pneus promoção Portugal Norauto,Norauto chega a Viana e cria 14 postos de trabalho - O MINHO,https://news.google.com/rss/articles/CBMieEFVX3lxTE1BWnBIaGhQQk5DZUF1a0N1ajdkdGdKcTZCSnZZNXVSR2JyYUVtRldnYkhxZHBTaVlwNU1ZV1pPQ3JYd2lFNUg4NWg2ZTFvUDJXY0lEaEtWV1ZYZ3VPRHNmVzUyS0VBQzkyVktmMktjRjc5R0JqdUFYag?oc=5,O MINHO,Pendente de validação,Resultado de pesquisa RSS; confirmar na fonte primária antes de integrar.
CAND-8c5038b353d2,2026-09-23T07:36:11+00:00,pneus promoção Portugal Norauto,"Renting Norauto, mais uma marca branca da ALD Automotive - fleetmagazine.pt",https://news.google.com/rss/articles/CBMiU0FVX3lxTE5ycVMzd2NIRGRCTHEzQzNzZldoS1dRdTIwZFRSZGliT2VIeTZMelJscktLT3ZJeF90RllETW1TMWMwQ0hMVVRCVkhhcHFxRUNheGl3?oc=5,fleetmagazine.pt,Pendente de validação,Resultado de pesquisa RSS; confirmar na fonte primária antes de integrar.
CAND-8c28c94958df,2026-09-23T07:36:11+00:00,pneus promoção Portugal Norauto,Condutor mostra como está o BYD Dolphin depois de mais de 200.000 km de estrada - Pplware,https://news.google.com/rss/articles/CBMisgFBVV95cUxPaElkYi1sUi1UekpNVEJZN3VKT1BUOGNPSUl6dzBjaGJfR0ZXeE9odlhTcU42NXM1NXhvS1ZfRko1akJXc3RPVjBZRFozdEdDdEVKdzBhekFSdFZaVjZaYUwwdXNOelZjcDdEWWxJQlNaTF85RHpxSFV0MmpHZ1g1Z1pXMVJGNFpYcWtXVUxjUDZzN0RCOGlzal8zV1d3OV91WTZwTUtOTTVoU1VkVFNoZS1B0gG3AUFVX3lxTE1YR0lERkNUSEJ5Y0ZOcldxQ1hOTXotb0NrcUZFTHU5QWdyNkgtVDlKVm1lV3RpMWtfWFFxS1pvQ1BjWVg3Y19MNzdZNHNaaUdPY0VIdVNQbDlUVUxvYVlOQlNuSm44OTRjektsTFNkYzVhdlBjVEROZkZNcGZVMkRaS2JPX1VfaTE3dU9Pd3pTclFFNEFxUXc3WGZuaXd1WHcxcHdUdnJWVEhmNlFrZXl2UUpEMWdkbw?oc=5,Pplware,Pendente de validação,Resultado de pesquisa RSS; confirmar na fonte primária antes de integrar.
CAND-e5dad7d23cb8,2026-09-23T07:36:11+00:00,pneus campanha Portugal Feu Vert,"Feu Vert abriu novo centro, agora em Faro - Revista Pós-Venda",https://news.google.com/rss/articles/CBMiakFVX3lxTFBya0ZSdUEtZzVTVkxJd2JMWGJ1a0oyaDd6RTlKSUtTbjdqVzdMY24zMU95RkFqbUhEcFVpcG5lUHpkb0JQaXJOcUJadHhjZzVwUHBDbFk2S2dDMl9sM3BoMVpheEQxZTJfa2c?oc=5,Revista Pós-Venda,Pendente de validação,Resultado de pesquisa RSS; confirmar na fonte primária antes de integrar.
CAND-6d30701cf8aa,2026-09-23T07:36:11+00:00,pneus campanha Portugal Feu Vert,Galeria Comercial Continente Gaia Jardim abre unidade Feu Vert - Distribuição Hoje,https://news.google.com/rss/articles/CBMipwFBVV95cUxObEx2OUVIWGRxeWNUNENoWXB5eVpnZW9zQzFWd0ZBeFNBZGRUaVlZQmVqSVYxNWFTdFZ4dDNzZlR4Ump0WHB4R2l1ODNGaDZ5NnFMVnRFaHpMak93eGg5ZTI0c08tb2lxb2l6ZWZmbW05bU5NU2tqNVR6RXVvWTd0WTQtNVc1Vzg4ZjNjTFpLMFVUVWJuVzJFLS1yVWI1ZHFhbVo2R0lSSQ?oc=5,Distribuição Hoje,Pendente de validação,Resultado de pesquisa RSS; confirmar na fonte primária antes de integrar.
CAND-969ac41b44b0,2026-09-23T07:36:11+00:00,oferta pneus Portugal reembolso,Furou um pneu? Acidentes ou danos provocados pelos novos buracos pós-tempestades podem valer indemnizações - CNN Portugal,https://news.google.com/rss/articles/CBMimwJBVV95cUxPMG5adkFKNzI2d0FwbjkxSkk3U2JneUhxenJEc1g2dmw5b2Y4WURVM3lUWDN0NS1hM2Z3WjBpOUI5dVU3ZHZWSGpJN1VxYjNjT0pHcDFKRklDVjRXb0YtaE1qLTJySVRVUGQtSUxMNzQzcHNJUGUwcmhmcU00eXJsWVc1aUVDeDJiNnFOdU5YOFk1b0c5MC1RcFhFRTRvekZzZS1zWENLaVc3c212bl9RQ3BJam1pVVZHbDNmSWsxRFVWODJzWnA5WXdnOW1sZ1E5b0c2T1k4NkJpU0FwWTA3ZElQVWhiWTcxZUp0NjFFY3g4M3ZrQkRMWkdjakc3WklJSGs0dEhfU01jdmtHZGVzNE5MbEtjVlFBem5z?oc=5,CNN Portugal,Pendente de validação,Resultado de pesquisa RSS; confirmar na fonte primária antes de integrar.
CAND-212f60788937,2026-09-23T07:36:11+00:00,oferta pneus Portugal reembolso,"Se um pneu rebentar por causa de um buraco na estrada, o condutor tem direito a indemnização? - SIC Notícias",https://news.google.com/rss/articles/CBMi6AFBVV95cUxOWERQTTBHSjcyZ056X2k2MWtJd3ZvSGdVbVNSVzR2QmNVbkFjMzlXMDlHSFhCcjJPa0Z2NDZiWGVSWVJpWENrMFN4elNaekNUcjYyd3JWd3NnejZJeFlEeExoMVd2NmlXZUtXck9tUjRFeVEwbWl4c1FSSkd4ZVI0Sk91QzgwQ3FCNjJreHB3MWhzVWhfNjZPdmZtSURQVTZ0NzV0QnhfVTBYaGtEam1YNG44QXd0VDRuWWZjT3J3UlRxSVJUSnlXaG9BQkVKcGtyU2gyNy1XbExPM0kwS0xqNWhZMU02LTFz?oc=5,SIC Notícias,Pendente de validação,Resultado de pesquisa RSS; confirmar na fonte primária antes de integrar.
CAND-2d3f04af1cae,2026-09-23T07:36:11+00:00,oferta pneus Portugal reembolso,"Na compra de cada pneu comercial Michelin, ganhe até 10 euros em reembolso - dnoticias.pt",https://news.google.com/rss/articles/CBMitgFBVV95cUxOUWQ1TjhWaFVSQ0E5cEVsMWdPbDdmdEpKUmk5Q0IyYVRfTFRlMnJIcTdwNVpqMV9UVjNWZC1hRnZhTGZIaFNVNHdKSG11WmkxQkRFcTJreHByTF9ZMkx6eW43Qkw1c1lZcUpmS1pDR2RqZ2xQd1B4WjA1bEllbGtWX3VJYVIxdVJHMlVvOWZKVmVDT3Z6SklNRVdHQ3pkbkpVLXV5c1I5MGVCWEh1eXc1My1wRXNCQQ?oc=5,dnoticias.pt,Pendente de validação,Resultado de pesquisa RSS; confirmar na fonte primária antes de integrar.
CAND-a3e973059970,2026-09-23T07:36:11+00:00,oferta pneus Portugal reembolso,CONSULTÓRIO DECO: “Pneu furado num buraco na estrada: Siga os passos que indicamos e faça-se à estrada” - diariOnline Região Sul,https://news.google.com/rss/articles/CBMi6gFBVV95cUxQaTlPSjdBajRndE8wUGZfNlYySVFsZV9kMHdRVnp6MUp0dGpDb2lSYk9sc0Z3bzBLSUVVanZNSXdJUG9meDBUcEIyWmxieG9ka19QZ0NZeV9QUFVZc2xSVHJhQVhPcTVldlNNNWhYN2FJUEtEMUk2eTFpbzBrU2MzcElGUjlRRW9FZlRuZzVHcmUzRTVoMU1NTVdRRmJjVzNrMEdUN2lMMjZmNmhFOXY4UUlGZGE2X0tPb1VQaWRaZUUxYXNYc3FkUmVLUWxzOUc0dkItMU5fRnEwZ2U1dTNpdnNVSmp0VHZwY3c?oc=5,diariOnline Região Sul,Pendente de validação,Resultado de pesquisa RSS; confirmar na fonte primária antes de integrar.
CAND-e9131b46ee5b,2026-09-23T07:36:11+00:00,promoção pneus ligeiros Portugal 2026,Prinx reforça parceria com S. José Pneus no 60.º aniversário - revistadospneus.com,https://news.google.com/rss/articles/CBMipAFBVV95cUxOcjNZMy05RHllek1CZXRMMmlaR0NPX1FseUZMUnctU2pPTV8tMGtqQkd6azNXV3F0S3UwZVM3ZWlIbkJ0cTlGZ294QzhmQjRrdllMZE1xWnNqXzlPMGZxVHByb1RLYUZhbHNSVXUwbGNiNXVrUkFHU3VLTGFacV9DUW5IQ1NTRlcwcDVMLWFEOC1fNlhSTmdBaUJyTURqQVRYZlNpTg?oc=5,revistadospneus.com,Pendente de validação,Resultado de pesquisa RSS; confirmar na fonte primária antes de integrar.
CAND-6829ad3af094,2026-09-23T07:36:11+00:00,promoção pneus ligeiros Portugal 2026,Vais comprar carro? Esta mudança obrigatória muda tudo na estrada - 4gnews,https://news.google.com/rss/articles/CBMiiwFBVV95cUxNQzJFNFNTY0FWMTFUOFRnVlBEZjBXY2lkWXhUNXloSHlIOGkyNGpnd1pGeDlDejlTTWVBaXBHa2FlOENSTW1yakFjNUNxZU5leDFWRTZKNG5WM2Z3cWdPalNtUHhzMzJlVm0yaFZGU2VlbVFlWWh1OHYwVjJwcDZDNHQ1bUw1OE1GbGJr?oc=5,4gnews,Pendente de validação,Resultado de pesquisa RSS; confirmar na fonte primária antes de integrar.
CAND-0706487fe893,2026-09-23T07:36:11+00:00,promoção pneus ligeiros Portugal 2026,Carros usados: procura explode 20% mas oferta desaparece em Portugal - Ekonomista,https://news.google.com/rss/articles/CBMibEFVX3lxTE95VWM1ZVdZNWdvNUNUbS1UNlFobDdJVklHV1MwcGR4dnhuUVZuRXNoQmtrWFRFNlppV0xmVjlkTm9vQk4wOUFaWGtnZURMcml0QTJmaUJyN1ZNelJkTkwzNzNEczN1VWlaZGR5cg?oc=5,Ekonomista,Pendente de validação,Resultado de pesquisa RSS; confirmar na fonte primária antes de integrar.
